Việt ngữ,Pháp ngữ,Hán ngữ,Giải nghĩa
ác-cảm,antipathie,惡感,"Cái cảm xấu đối với người nào, vật gì."
ách-yếu,détenir un point important,扼要,Nắm lấy chỗ cốt yếu.
ác-ma,"démon, diable, mauvaise apparition; force du mal",惡魔,"Con ma dữ, loài ma quỉ hung ác, cái mơ-mộng sằng."
ác-mộng,"songe cruel, mauvais rêve",惡夢,Mơ mộng những sự xấu.
ác-thú,bête fauve; bête féroce,惡獸,Con muông dữ.
ái-ân,affection et reconnaissance,愛恩,"Tình yêu nhau, ân-nghĩa ở với nhau."
ái-quần,"aimer sa communauté, ses concitoyens",愛羣,"Yếu thương người cùng với mình ở một đàn, một xứ."
ái-quốc,"amour de la patrie, patriotisme",愛國,Lòng yêu nước.
âm-dương-gia,professionnel des sciences occultes; tireur d'horoscope; devin,陰陽家,"Nhà học lấy vận-mệnh giời đất, đặt ra sao tốt sao xấu mà xem đoán việc người. Như thầy bói, thầy số, vân vân."
am-hiểu,"comprendre, saisir, pénétrer",諳曉,Thông-hiểu rõ-ràng.
âm-loại,electricité négative,陰類,"Thuộc về loài âm, (điện-học thì điện khô thuộc về loài dương, điện ướt thuộc về loài âm)."
ám-muội,"obscur; secret, inavouable",暗昧,"Tối-tăm mờ-mịt, làm truyện gì bưng-bịt tai mắt thiên-hạ không minh-bạch cho ai biết."
âm-mưu,projet secret; machination secrète,陰謀,"Mưu ngầm, lo-toan truyện gì kín-đáo không có cho ai biết."
ám-sát,assassinat,暗殺,"Giết ngầm, lập mưu giết người."
ám-tả,"leçon de dictée, d'orthographe",暗寫,"Bài tập viết mờ, không cho nom vào sách mà đọc cho viết theo xem có đúng được như chữ trong sách."
ám-trào,"intrigues, machinations secrètes",暗潮,"Sóng ngầm. Việc gì còn đương âm-thầm, sắp lai-láng ra ; chỉ cái âm-mưu về chính-trị."
ân-ái,"amour, attachement",恩愛,"Ân-tình hai người ở với nhau, lòng thương mến nhau."
ân-ba,bienfaits inépuisables,恩波,Ơn của người trên ban cho kẻ dưới đầm-thấm tuôn-rào như sóng lan khắp mọi nơi.
an-bần-lạc-đạo,litt. content de sa pauvreté et aimant la vertu; vivre content de son sort,安貧樂道,Yên phận nghèo mà ham vui đạo-lý.
ân-điển,faveur impériale; occasion solennelle où l'empereur accorde de faveurs aux fonctionnaires ou au peuple,恩典,Ơn vua ban xuống cho các thần dân một cách rất long-trọng.
anh-hào,grand homme; homme de génie,英豪,"Người giỏi, người tài đức hơn chúng."
anh-hùng-ca,épopée,英雄歌,Bài ca tán tụng công-đức những bực anh-hùng hào-kiệt.
anh-hùng-mạt-lộ,la fin d'un héros,英雄末路,"Người anh hùng đến lúc đã già, đã cuối đời, hay là gập lúc đường cùng vận bĩ."
ảnh-hưởng,"influence, exercer un influence",影響,"Chính nghĩa là cái bóng, cái tiếng vang. Dùng rộng nghĩa thì chỉ cái thế-lực của vật nọ lan-động sang vật kia, như cái bóng chiếu, cái tiếng vang."
anh-tài,"talent remarquable, don exceptionnel",英才,"Người có tài giỏi, có tài xuất sắc hơn người."
anh-thư,femme célèbre; héroïne,英雌,Người đàn bà giỏi có tiếng.
anh-tuấn,"homme de talent, esprit d'élite",英俊,"Người tài giỏi, cao-thượng."
an-nhàn,loisir et quiétude; vivre dans le loisir,安閒,"Ở yên-ổn thong-dong không phải lo gì, không phải làm gì."
ân-nhân,bienfaiteur,恩人,"Người làm ơn, người có ân nghĩa với mình."
ân-sủng,jouir de la faveur impériale,恩寵,"Nhờ được ơn vua yêu mến, mà được phong sắc thăng hàm, v. v."
an-tâm,"avoir le cœur tranquille, être sans inquiétude",安心,Yên lòng không lo nghĩ sợ hãi gì.
an-toàn,sécurité; quiétude,安全,Yên vẹn mọi đường.
ảo-tượng,illusion,幻象,"Hình-tượng không thực, hình-tượng mơ màng."
áp-chế-chủ-nghĩa,despotisme,壓制主義,"Chủ-nghĩa đè nén, áp ức người ta."
áp-lực,"force, pression extérieure; pression (atmosphérique)",壓力,"Sức ngoài nó ngăn-trở, đè nén mình; sức ép (thường nói về sức ép của không-khí)."
ấp-tốn,céder la place (se dit d'un souverain forcé de céder le trône à un de ses ministres),揖遜,"Vái nhường, vua truyền ngôi cho bầy tôi."
Bá Nha,,伯牙,"Người đời Xuân-thu, tài đàn cầm. Bạn với Chung Tử-Kỳ 鍾子期, chỉ có Tử-Kỳ mới biết nghe đàn mình. Tử-Kỳ chết, Bá Nha không đánh đàn nữa, buồn rằng ở đời không còn ai là người tri-âm. Theo sách Lã-thị Xuân-thu thì Bá là họ, Nha là tên."
bác-ái,"amour universel, fraternité",博愛,"Yêu rộng, phổ-cập ra muôn loài muôn vật; đạo nhân từ; lòng yêu phổ cập cả các loài."
bác-đại,"grand, vaste (se dit surtout d'une instruction, des connaissances acquises)",博大,Rộng nhớn.
bạch-câu,litt. le petit cheval blanc (allusion à une expression chinoise: le temps passe comme l'ombre d'un cheval blanc à travers l'interstice d'une porte); rapidité du temps; fugacité de l'existence,白駒,"Ngựa trắng con, nói bóng thì chỉ thì-giờ đi nhanh lắm, như cái bóng con ngựa con chạy qua khe cửa sổ. Chữ tàu có câu bạch-câu quá-khách (ngựa con qua khe cửa)."
bạch-phát,cheveux blancs; vieillard aux cheveux blancs,白髮,"Tóc bạc, nói người già bạc đầu."
bách-tuế vi-kỳ,dans l'espace de cent ans; la durée d'une vie humaine,百歲為期,"Trăm năm là một hạn (nói về đời người, ai cũng sống trăm năm là cùng)."
bác-lãm-hội,exposition; foire,博覽會,Hội đấu-xảo bày các hội công-thương cùng mỹ-thuật cho thiên-hạ ai muốn xem thời xem.
bắc-nhạn nam-hồng,"litt. grue du nord, canard sauvage du sud (messagers de l'amour)",北雁南鴻,"Chim nhạn phương bắc, chim hồng phương nam, ý nói kẻ xuôi người ngược tin tức cùng nhau."
bạc-phu,individu malhonnête,薄夫,Kẻ điêu-bạc ăn ở không được trung-hậu.
bác-sĩ,"docteur ; savant, érudit",博士,Chức tiến-sĩ bên Nhật-bản. Dùng rộng nghĩa thì chỉ người học-vấn rộng.
bác-vật-học,histoire naturelle,博物學,Học về môn xem xét các loài vật.
bài-tiết,"secréter, sécrétion, évacuer",排泄,Những chất ở trong tiết ra ngoài.
bài-trừ,"chasser, se débarrasser de",排除,"Chèn bỏ, ruồng rẫy, đuổi đi."
bản-chí,notre revue,本誌,Cái tập-chí của chúng tôi.
bán-đảo,"presqu'île, péninsule",半島,Miếng đất to ba bề nước một bề dính với đất liền.
băng-điểm,température de la glace fondante,冰點,"Trong «hàn thử biểu» (thermomètre), chỉ cái độ nước đến đấy thì thành đông, tức là điểm 0."
bàng-thính học-sinh,auditeur libre,傍聽學生,Học-trò không phải chính ở trong trường ấy mà ở ngoài vào học phụ.
ban-hành,"publier, promulguer",頒行,"Ban ra điều-luật gì, hoặc giấy công-văn gì, mà bắt dân phải thi hành theo như thế."
bành-trướng,expansion,澎漲,"Dương rộng ra, phát to ra."
bán-khai,se dit d'une civilisation peu avancée,半開,Là mới văn-minh mở-mang được nửa.
bản-tâm,"intention première, ce qu'on veut au fond du cœur; pensée originelle",本心,Vốn bụng mình định như thế.
bản-thể,"nature intime, essence",本體,Thể-cách bản-nhiên của một sự-vật.
bần-tiện,pauvre et de basse condition; humble,貧賤,Nghèo hèn.
bản-triều,dynastie actuelle,本朝,Triều vua đương bây giờ.
bản-xứ,"notre pays, ce pays; qui appartient au pays; local; indigène",本處,"Xứ nhà, xứ này, xứ sở của mình ở như nước Nam là bản-xứ ta."
bao-biếm,louer et blâmer,褒貶,"Bao là khen người thiện, biếm là chê người ác."
báo-cáo,"rapport, compte-rendu (présenté à l'autorité supérieure)",報告,Lời trình bầy với quan trên.
bảo-cử,"voter, droit de vote",保擧,"Cất đặt, bầu người chức-dịch."
bạo-động,"violence, commettre des violences",暴動,"Dùng cách dữ-tợn, bạo-mạnh."
bảo-hiểm-công-ti,compagnie d'assurance,保險公司,"Hội phải đóng tiền thì được cứu giúp những khi tai nạn: như cháy nhà, đắm tầu, v.v.."
bào-hốt,"la tunique et la tablette (costume de grand mandarin), symbole de la gloire",袍笏,"Áo bào, cái hốt (đồ đại-trào), ý nói nhà làm quan sang trọng."
báo-phục,"venger, vengeance",報復,"Báo lại, trả thù lại kẻ có thù với mình."
báo-quán,bureau de journal,報館,"Nhà làm nhật-trình, chỗ làm nhật-báo."
báo-quốc,servir sa patrie,報國,"Báo đền ơn nước, giả ơn nước, ra sức giúp nước."
bảo-tàng,trésor; biens cachés,寶藏,"Của báu kín không mấy người biết, như của trong đất."
bảo-thủ,"maintenir, conserver la tradition; conservateur (par opposition à tiến-thủ, progressiste)",保守,"Giữ gìn, làm việc gì cũng giữ nền nếp cũ không dám thay đổi, làm việc gì không dám làm bạo, đối với chữ tiến-thủ 進取."
bảo-toàn,conserver intact; sauvegarder,保全,Giữ cho trọn vẹn.
bảo-tồn,"conserver, conservation",保存,Gin giữ cho còn lại.
bào-trạch,"vêtements du guerrier; par extension, le guerrier",袍澤,"Áo bào, áo trạch là thứ áo của quân linh. Kinh Thi có chữ: «Đồng-bào, đồng-trạch» nghĩa là cùng nhau mặc chung áo bào, áo trạch, ở trong chiến-trường."
bá-quyền,"domination, hégémonie",霸權,Nói về một nước hùng-cường muốn chiếm-đoạt mà làm đế-vương nước khác.
bất-bình,"mécontentement, ressentiment, dépit",不平,"Chẳng được bằng phẳng, sự làm cho người ta tức, người ta không được hả lòng."
bất-bình,injuste; mécontent,不平,Không được công-bằng mà phải chịu lấy làm bực-tức.
bất-đắc-dĩ,malgré soi,不得已,"Không đừng được, sự muốn thôi mà phải làm."
bất-đạt,se dit d'un style qui ne rend pas suffisamment la pensée,不達,"Không thông, không rõ, như nhời nói nhời văn không đạt được ý-tưởng."
bất-hủ,"incorruptible, indestructible, capable de se transmettre indéfiniment",不朽,"Không nát, không mọt, có thể lưu truyền mãi."
bất-kinh,"chose incroyable, qui n'a pas été vérifiée par l'expérience",不經,"Việc chưa từng có, chưa kinh-nghiệm bao giờ."
bất-luận,sans parler de; indépendamment de,不論,Không kể đến.
bất-lương,malhonnête; sans conscience,不良,"Người không lành, người ăn ở mất hết lương-tâm."
bất-nguyện,ne pas consentir; ne pas vouloir faire une chose,不願,"Không muốn, không ưng chịu."
bất-quá,tout au plus,不過,Chẳng qua đến thế là cùng.
bất-quyết,irrésolu,不決,Không quyết đoán.
bất-tiện,incommode; inconvenant,不便,Không được tiện.
bất-tiết,"ne pas daigner, ne pas condescendre à",不屑,"Không thèm, không chịu hạ-cố đến."
bất-tiểu,"homme de peu de valeur (litt. qui ne ressemble pas à son père, à son maître)",不肖,"Chẳng giống, người không ra gì, con không được như cha, học trò không như thầy."
bất-trắc,"changeant, instable",不測,"Không lường mà biết được, mỗi lúc một khác."
bất-túc,insuffisant,不足,"Không đủ, thí-dụ thi định lấy một trăm điểm sắp lên thời đỗ mà không đủ số đỗ ấy."
bệnh-học,pathologie,病學,Học khảo-cứu các bệnh-tật.
bi-đát,"émouvant, tragique",悲怛,Buồn thảm.
biếm,"révoquer, rétrograder, blâmer un fonctionnaire",貶,"Giáng chật, cách chức, hay chê bai (một viện quan)."
biên,"confins, limites, région-frontière",邊,Chỗ giáp-danh nước nọ với nước kia.
biện-bác,"discuter, argumenter, critiquer",辯駁,Cãi lễ phải trái mà bác-bẻ nhau.
biện-biệt,"distinguer, discerner",辨別,"Phân biện, chia rẽ ra cho rõ."
biến-hoá,"transformation, changement brusque",變化,"Đương thế này mà biến ra thế khác, đương thế nọ mà hoá ra thế kia."
biền-ngẫu,parallélisme (en composition chinoise),駢偶,Lối làm văn tầu lấy câu cho đối nhau.
biện-sĩ,orateur; maître de la parole,辯士,"Người biện bác, người nói giỏi."
biến-thiên,"changement, transformation",變遷,"Biến-cải, sê-dịch."
biên-thuỳ,"frontières, confins, limites du royaume",邊陲,"Nơi giáp giới, ngoài ven, ngoài bờ nước."
biện-thuyết,discourir; argumenter; discuter,辯說,"Nói biện bác, cãi lẽ cho kỳ được."
biến-trạng,"changement d'état; état anormal, pathologique",變狀,Hình-tượng biến đổi lúc trước thế kia mà bây giờ thế khác.
biểu-diện,"face, apparance, manifestation, extérieur",表面,"Bề ngoài, mặt ngoài, sự phát-hiện ra ngoài."
biểu-đồng-tình,"manifester sa sympathie, son approbation; montrer à quelqu'un qu'on a les mêmes sentiments, la même opinion",表同情,"Tỏ ra cùng một ý với nhau, ở với nhau không khác bụng."
biểu-dương,faire apparaitre; révéler,表揚,Phô bầy ra.
biểu-hiệu,"signe, symbole, représentation extérieure; signal; enseigne",表號,"Dấu hiệu để hình tượng ra ngoài; một cái tiêu biểu ra ở bề ngoài, để làm hiệu cho người ta biết; cái hiệu bày ra ngoài cho thiên-hạ biết, như cái bảng của nhà buôn bày tên hiệu kia hiệu nọ."
biểu-tôn,petit fils (du côté maternel),表孫,"Cháu ngoại, (xưng với ông bà đẻ ra mẹ mình."
bi-hoài,"mélancolie, tristesse",悲懷,Cái lòng sầu não bi thương.
bi-khúc,tragédie; théâtre tragique,悲曲,"Là một khúc kịch bi thương, làm cho não nuột lòng người."
bi-kịch,"drame, tragedie",悲劇,"Cuộc buồn, cuộc thảm. Lối diễn-kịch diễn những sự buồn, sự thảm."
bí-mật ngoại-giao,diplomatie secrète; négociation secrète (entre deux pays),秘密外交,"Việc giao thiệp kín đáo riêng trong hai nước, không cho các nước khác biết."
bình-đẳng,egalité; traiter sur un pied d'égalité,平等,"Ngang hàng, bằng vai với nhau không ai hơn ai kém."
bình-định,pacifier (un pays),平定,Dẹp yên giặc-giã định thiên-hạ.
binh-gia,militaire; spécialiste de l'art militaire; auteur ayant écrit sur la guerre,兵家,"Nhà quân, những người chuyên trị về nghề dụng-binh."
binh-phí,dépenses militaires; crédits de guerre,兵費,Tiền phí tổn về việc binh.
binh-thế,etat des troupes; situation militaire,兵勢,Thế-lực đám lính ấy.
bí-quyết,"secret, énigme",秘訣,Phép bí-mật không ai biết
bí-tàng,"mystère, secret, énigme",秘藏,Điều bi-hiểm không ai biết.
bi-tráng-mãnh-liệt,force et pathétique (se dit d'un style),悲壯猛烈,"Trong một bài văn-chương, hay là bài từ khúc mà nhời nhẽ rất bi thảm, rất khoẻ mạnh, nói rất kịch liệt."
bộc-bạch,"montrer en toute franchise; se montrer tel qu'on est, sans détours",暴白,Phơi bày tỏ cho mọi người đều biết.
bổ-cứu,compléter et rectifier; parfaire; perfectionner; ; combler une lacune,補救,"Chữa cứu, cái gì khuyết hỏng chữa lại cho được trọn vẹn; bổ thêm cái hay sửa bớt cái tệ để chữa lại cho được hoàn-toàn."
bổ-dụng,"nommer, désigner, promouvoir à une fonction",補用,Bổ-dụng đi làm chức này chức kia.
bồi-dưỡng,"cultiver, entretenir",培養,Vun giồng nuôi nấng.
bồi-tuất,indemniser les victimes,賠卹,Bồi thường tiền tuất cho người bị hại.
bổ-khuyết,combler les vides,補缺,Bổ thêm vào những chỗ thiếu.
bôn-ba,"litt. comme une vague courante; courir à la poursuite des honneurs, de la fortune, ou de la gloire; peines pour gagner sa vie",奔波,"Long đong đi kiếm công kiếm việc, theo đuổi vì đường danh lợi (chạy đi luôn như thế là sóng chạy)."
bồng-bột-cao-thăng,développement rapide et intense,蓬勃高昇,"Bay bổng cao vọt lên, ví như sự gì đương hưng vượng tấn tới lên chóng."
bồng-hồ,"séjour des bienheureux, des immortels",蓬壺,Chỗ tiên ở.
bồng-lai,paradis des immortels; îles enchantées,蓬萊,"Núi tiên. Trong sách Sử-ký nói có ba núi tiên : 蓬萊, Phương-trượng 方丈, Doanh-châu 瀛洲, là ba cái đảo ở trong bể Bột-hải 渤海, đấy là chỗ các tiên ở cùng nơi luyện thuốc bất-tử. Các vật cùng các giống cầm-thú đều sắc trắng. Nhà cửa lâu đài thì bằng vàng bạc."
bổ-nhậm,nommer à une fonction,補任,"Bổ dùng đi làm chức khác, cũng như nghĩa bổ-dụng đã thích trên."
bộ-phận,"parties, portions d'un tout",部分,"Trong một việc gì, một cơ-thể gì hay là một bài văn thơ, mà chia ra từng phần, từng bộ riêng một."
bổ-thiên,littéralement: raccommoder la voûte céleste (mythologie chinoise). au figuré: accomplir de grandes choses,補天,"Bà Nữ-oa luyện đá vá giời, mượn dùng ra nghĩa bóng là làm được sự to tát."
bổ-túc,compléter,補足,"Thêm vào cho đủ, thí-dụ đã học rồi mà chưa đủ sức thời học thêm một hạn nữa cho đủ sức về cái môn học ấy."
cách-thức,"forme, modèle; modalité",格式,"Kiểu cách, khuôn mẫu."
cách-trí,etude scientifique de la nature,格致,Là sự học xét biết hết lễ vật để mở rộng cái trí-thức của mình.
cải-cách,réforme,改革,"Đổi cũ thay mới, bỏ những điều tệ trước mà đổi cái mới vào."
cải-lương,"réforme, perfectionnement",改良,Đổi lại cho hay hơn.
cải-lương (đạo),protestantisme,改良道,"Hay là Tân-giáo 新教, là chỉ các phái tôn-giáo mới, về đầu thế-kỷ thứ 16 phân lìa với chính-truyền đạo Thiên-chúa mà lập thành giáo riêng. Xướng ra đạo cải-lương thì ở nước Đức là Luther (tầu dịch là Mã-đinh Lộ-đức) ; ở nước Pháp là Calvin."
cai-quát,embrasser l'ensemble,該括,"Chùm gồm cả, xét chung làm một."
cảm-bội,manifester une profonde reconnaissance; vouer une reconnaissance infinie,感佩,Cảm ơn [...] trong lòng không bao giờ quên.
cảm-giác,"sensation, perception, impression; éprouver un sentiment, une sensation, une impression",感覺,"Sự cảm biết, cảm mà biết, không phải suy nghĩ mà biết; nhân cái gì cảm mà biết, mà suy nghĩ ra."
cầm-hạc tiêu-dao,allusion chinoise désignant un administrateur intègre et lettré,琴鶴逍遙,"Mang đàn giắt hạc thong-thả đi giong chơi mọi chỗ, ông Triệu-Biện 趙 抃 đời Tống 宋 làm Thái-thú Thục-quận 蜀 郡 đi đâu chỉ một con ngựa đem một cái đàn và một con hạc theo, việc cai-trị rất là giản-tỉnh."
cảm-hoá,subir une influence bienfaisante,感化,"Nghe nhời phải, hay thấy việc phải mà sinh bụng cảm rồi hoá theo."
cảm-hứng,"sentiment d'admiration éprouvé devant un paysage, un tableau; inspiration",感興,"Nhân thấy cái cảnh gì, điều gì mà động trong lòng sinh cảm sinh hứng; cái hứng ở trong lòng."
cấm-lệnh,interdiction; embargo,禁令,Hiệu lệnh cấm việc gì. Thường dùng khi một chính-phủ cấm không cho xuất-cảng thứ đồ hàng hoặc sản-vật gì.
cảm-niệm,"sentir et réfléchir; éprouver un sentiment, concevoir une idée",感念,Bụng cảm nghĩ cái gì.
cảm-tình-hồn,psychisme sentimental,感情魂,Phần hồn thuộc về tình cảm.
cẩm-tú,beau (comme une étoffe de brocart),錦繡,"Gấm vóc, nghĩa bóng là cái gì đẹp lắm."
cảm-xúc,"ressentir une impression à la vue d'un spectacle, d'un paysage, etc; ce qu'on pense, ce qu'on éprouve à l'occasion d'une impression extérieure",感觸,"Thấy sự gì vật gì mà sinh cảm, nhân truyện gì mà sinh nghĩ trong bụng."
cảnh-cáo,avertissement,警告,Báo trước cho biết một sự nguy-hiểm.
cảnh-chính,administration de la police,警政,Chính sự thuộc về việc tuần phòng cảnh sát.
can-hệ,"rapport, relation entre deux choses",干係,Việc nọ có dính-dáng quan-hệ với việc kia.
cảnh-huống,circonstances,境況,"Tình-hình, tinh-cảnh lúc làm việc gì."
cảnh-ngộ,"situation, circonstance, cas",境遇,Cái tình-cảnh người ta gập phải.
cảnh-trí,paysage; site,景致,"Phong-cảnh, cảnh mắt trông thấy."
cận-lợi,intérêt immédiat,近利,"Cái lợi gần, lợi trước mắt không phải là lợi lâu dài."
căn-nguyên,"racine, source, origine, fondement",根源,"Gốc, nguồn, cội, rễ muôn việc, việc bởi đó mà sinh ra, cây bởi gốc mà thành, nước bởi nguồn mà có."
cản-phủ,"jugement de l'histoire (expression chinoise faisant allusion à confucius auteur du xuân-thu, le premier livre d'histoire chinois)",袞斧,"Áo cản để thưởng người có công, búa rìu để phạt kẻ có tội, nói ý đức Khổng-tử 孔 子 chép kinh Xuân-thu 春 秋 khen kẻ lành răn kẻ ác cũng như thế."
cân-quắc,"vêtements de femme; la femme, le sexe faible",巾幗,"Một thứ yếm áo riêng của đàn bà mặc. Xưa Tư-mã Ý sợ Khổng-Minh không dám ra đánh, Khổng-Minh đưa đồ cân quắc cho để làm nhục. Dùng rộng nghĩa thì chỉ chung người đàn bà."
cán-sự,"gérant, chargé d'affaires",幹事,Người trông nom coi sóc công việc gì.
cận-thần,fonctionnaire de l'entourage d'un souverain; ministre intime; courtisan,近臣,Bầy tôi hầu gần vua.
cân-thoa,"le foulard et la bague; par extension les femmes, le sexe féminin",巾釵,Cái khăn cái vòng (đồ trang-sức của đàn-bà) dùng để chỉ bọn nữ-lưu.
cao-đẳng-động-vật,animaux supérieurs,高等動物,"Giống động-vật hình-thể gần giống người, đã có trí khôn, như giống vượn. Người ta cũng tức là giống động-vật cao hơn nhất cả."
cao-đẳng-học,enseignement supérieur,高等學,Sự học cao hơn hết các thứ học.
cao-đẳng-học giám-đốc sảnh,direction de l'enseignement supérieur,高等學監督廳,Sở quan chủ việc đi xem xét các trường học cao-đẳng.
cao-đẳng-trung-học,enseignement secondaire supérieur; instruction générale complète,高等中學,Môn trung-học cao hơn trung-học thường.
cao-lương,"mets savoureux, mets de prix",高梁,Những đồ ăn sang trọng.
cao-nguyên,plateau,高原,Cánh đồng ở miền cao.
châm-ngôn,"conseil; devise; formule de conduite; précepte, maxime, règle de conduite",箴言,"Nhời nói khuyên bảo người, hay tự khuyên bảo mình; lời nói để mà cảnh-tỉnh người ta, bảo cho người ta biết răn sợ."
chân-cảnh,"le monde vrai, séjour de bouddha",眞景,"Chỗ phật, cõi thực."
chân-giá-trị,la vraie valeur (valeur non surfaite),眞價值,"Giá-trị thật, giá đáng như thế thật không có sai nhầm."
chấn-hưng,développer; imprimer une impulsion; donner l'essor,振興,"Mở mang công-nghiệp, làm nên công kia việc nọ rất hăng-hái; làm cho động-đạt lên, làm cho hưng thịnh lên."
chân-lạc,"le vrai bonheur, la vraie jouissance",眞樂,"Vui sướng thật, vui về đạo-vị, vui về cảnh-thú riêng của mình."
chân-nhân,homme digne du trône; saint (dans le sens taoïste),眞人,Người đáng làm vua. Người tu-hành đắc-đạo (nhất là về đạo tiên) cũng gọi là chân-nhân.
chân-tướng,"réalité (en philosophie); image vraie; physionomie vraie; réalité; ce qui est réel, ce qui existe",真相,"Về triết-học chỉ cái hình-ảnh chân thực của sự-vật, gồm cái gì có thực trong vũ-trụ; hình-tượng chân thực, không phải giả-dối; cái hình-tượng thật, nghĩa bóng là chính thực cái việc gì nó như thế hẳn."
chất-vấn,interroger; interpellation parlementaire,質問,Đem việc gì hỏi vặn người ta; nghị-viện hỏi vặn chính-phủ về việc gì.
châu-đáo,"tout prévoir, sans rien laisser de côté",周到,"Lo-liệu trước sau, đến nơi đến chốn, không sót điều gì."
châu-tri,porter à la connaissance de tous; circulaire (officielle),週知,"Biết khắp, như những tờ công-văn tờ sức bảo cho hết thầy mọi người đều biết."
chế-độ,"institution, régime",制度,"Thể cách xếp đặt việc chính-trị cùng các việc khác trong nước; cách xếp đặt trong một nước về đường chính-trị, pháp-luật, xã-hội, v. v.."
chế-ngự,"gouverner, régenter",制御,"Cai-quản, cai-trị, bắt phải theo."
chí-đức yếu-đạo,"grande vertu, haute moralité; idéal moral de la vie",至德要道,"Đức lớn đạo mầu, cái đạo đức to lớn mầu nhiệm."
chiếm-đoạt,s'emparer par la force,佔奪,Chiếm cướp của người.
chiêm-tinh,artrologie (thiên-văn-học là: astronomie),占星,"Thuật xem sao, đoán số. Tức là thiên-văn-học của đời xưa."
chiến-hào,tranchée,戰壕,Hầm đào để đánh nhau. Tức nôm ta thường gọi là hầm-hố.
chiến-tích,"beau fait de guerre ; exploit, victoire",戰績,Công đánh trận giỏi ; đánh trận thắng.
chiến-tuyến,"front, ligne de bataille",戰線,"Hàng trận, đường quân đứng để đánh trận."
chiếu biểu,"chiếu = edit, ordonnance impériale; biểu = rapport, mémorial, placet au trône",詔表,"Bài chiếu bài biểu. Chiếu là nhời vua bảo xuống cho quan dân; biểu là nhời quan dân dâng lên vua, đều là một lối văn chữ hán."
chiếu-diệu,rayonner,照耀,"Sáng tỏ, chiếu sáng, trói lọi."
chiếu-hải-đăng,phare,照海燈,"Đèn rọi ngoài bể, để soi bể để tàu thuyền đi lại cho dễ."
chiếu-hội (tờ),notification,照會,"Chữ về ngoại-giao, dùng để chỉ những công-văn của chính-phủ cùng công-sứ lĩnh-sự các nước đưa đi đưa lại để báo tỏ việc gì."
chi-lưu,affluent (d'ung fleuve),支流,"Dòng sông nhánh, các đường nước nhỏ ở tự con sông nhơn chảy ra."
chí-nguyện,"volonté, désir, aspiration",志願,"Cái ý muốn; lòng muốn, bụng sở-thích của người ta."
chính-biến,trouble politique; coup d'etat,政變,Sự loạn nhân vì chính-trị mà sinh ra.
chính-cục,scène politique; situation politique,政局,Tình-hình thuộc về chính trị.
chính-đáng,"juste, légitime",正當,"Thật phải, thật xứng-đáng."
chính-giới,"monde politique, monde gouvernemental",政界,Gồm những người có quyền-chức về chính-trị.
chính-giới,monde politique; sphère gouvernementale,政界,"Trong bọn cầm quyền chính-trị trong nước, các quan-lại."
chính-khách,conseiller politique,政客,Người không phải làm quan trong một nước mà dự bàn chính-trị trong nước ấy.
chính-lý,raison; raisonnable; qui est conforme à la saine raison,正理,"Lễ ngay, lễ phải."
chính-sách,méthode politique; politique (suivie par un gouvernement à un moment donné),政策,Phương-phép thuộc về chính-trị; cách chính-trị của một chính-phủ nào làm trong một lúc ấy.
chính-trị-vĩ-nhân,"grand homme d'etat, grand politique",政治偉人,"Người giỏi chính-trị, những nhà chính-trị có tiếng."
chính-truyền,orthodoxie,正傳,"Nghĩa chính trong một đạo, đời trước truyền cho đời sau."
chi-phối,"diriger, direction",支配,"Cai-quản, sai khiến."
chí-tình,"amitié sincère; intimité; sentiment sincère; amitié, amour sincère",至情,Tình thân-thiết nhau; tình thâm-thiết.
chuẩn-y,se conformer à; consentir à,准依,"Chiếu theo, thuận cho, không thay đổi."
chu-chí,,周致,Đến nơi đến chốn. Xem Châu-đáo.
chủ-chiến,"qui préconise la guerre, qui sout[...] la guerre; parti de la guerre",主戰,"Chủ về mặt đi đánh, nhất định đánh, phản đối với mặt giảng-hoà."
chú-dẫn,annoter et expliquer; gloser (un texte),註引,Chua nghĩa dẫn tích để giải một chữ nào hay một câu nào.
chủ-động,promoteur,主動,Người chủ-trương đứng đầu trong một việc gì.
chu-kính,circonférence et diamètre,周徑,Đường vòng tròn và đường thẳng giữa.
chúng-khẩu-đồng-từ,"à l'unanimité; de l'avis, du consentement de tous",衆口同詞,Ai ai cũng đều nói như thế cả.
chung-kiếp,"éternellement, jusqu'à l'éternité",終劫,"Mãi mãi, đến cùng đời, hết kiếp."
chung-thẩm,juger en dernier ressort,終審,"Nói về quyền các tòa-án được quyết-xử, người đi kiện không được đem thưa lên tòa trên nữa."
chứng-thực,"certifier vrai, attester",證實,Làm chứng là có thực.
chủng-tộc,race; nationalité,種族,"Nòi giống, cùng họ cùng loài."
chú-nhập,"se jeter, se déverser dans",注入,"Rót vào, lọt vào, chảy vào."
chú-ý,concentrer son attention sur; observer attentivement; remarquer,注意,"Để ý vào một việc gì, có ý nhận kỹ; đề ý vào, chăm chỉ nghĩ vào một việc đó."
chuyên-môn,spécialité; spécialiste; se spécialiser pour...,專門,"Chuyên từng môn một, chỉ theo đuổi làm mãi một nghề, học mãi một khoa."
chuyên-tâm,s'occuper entièrement de; s adonner entièrement à,專心,Chuyên một bụng mà nghĩ cái gì hay làm việc gì.
chuyên-trị,s'occuper spécialement d'une chose; se spécialiser pour une science,專治,"Chuyên học về một thứ, chuyên làm vào một nghề."
cơ-bản,"fondement, base",基本,"Nền, gốc; nghĩa là cái cốt yếu để làm việc gì, như nhà có nền, cây có gốc."
cổ-chung,"tambour et cloche; joie; propager une bonne action, une bonne nouvelle; propagande",鼓鐘,"Trống chuông, nghĩa bóng nói truyện vui vẻ hoà-hiệp, hoặc đem một việc hay là một điều gì khua gỗ cho thiên-hạ biết."
cổ-điển-chủ-nghĩa,humanisme,古典主義,Chủ-nghĩa trọng sự văn-học đời cổ-đại.
cổ-điển-học-vấn,culture classique,古典學問,"Sự học văn-chương cũ, học những sách vở đời cổ-đại."
cổ-đô,ancienne capitale,故都,Kinh-đô cũ.
cổ-động,"battre le tambour, faire de la propagande",鼓動,Kêu rao cho mọi người đều biết như là đánh trống ầm tiếng lên.
cơ-giới,"machine, appareil; outillage",機械,Đồ máy móc.
cổ-hương,village natal; pays des ancêtres,故鄉,"Làng cũ, quê hương mình."
công-bố,"proclamer, promulguer, publier",公布,Cáo truyền cho mọi người đều biết.
công-chúng,public; en public,公衆,Chỉ công-đồng cả các người.
công-cộng sự-nghiệp,"œuvre commune, tâche commune",公共事業,Công nghiệp cả một đám người chung cùng nhau làm.
công-dân,citoyen,公民,Những người có quyền làm dân trong nước.
cống-hiến,"offrir en hommage, en tribut",貢獻,"Cống lên, dâng lên, đem cái đồ gì biếu."
cơ-nghiệp,patrimoine morale (légué par le passé),基業,Cơ-đồ ông cha gây-dựng truyền-dỗi cho con cháu.
công-khoá,travail d'écolier; matière du programme d'étude,功課,Những công việc phải làm trong nhà trường.
công-lao,peine et mérite,功勞,Công khó nhọc.
công-lệ,règle commune,公例,Cái lệ xưa nay vẫn nhất-định như thế.
công-lợi công-ích,"bien public; œuvre d'intérêt, d'utilité publique",公利公益,"Sự lợi chung, ích chung cho cả mọi người trong nước."
công-luận,"opinion juste, jugement impartial; opinion publique",公論,"Lời công không có thiên-vị về bên nào, không câu-chấp một ý-kiến nào."
công-lý,la raison; le droit,公理,Nhẽ chung mọi người đều cho thế là phải.
công-nghĩa,"justice; sentiment de justice, d'équité; ce qui est juste, ce qui est conforme à la justice",公義,"Nghĩa chung trong đời, ai ai cũng cho như thế là phải."
công-nghiệp,œuvre,功業,Làm nên có công-cán sự-nghiệp to-tát hơn người.
công-ngọc,se dit d'une pierre dure pouvant servir à polir le jade,攻玉,"Kinh thi : « Tha sơn chi thạch, khả dĩ công ngọc », nghĩa là đá ở núi có thể dùng để mài ngọc được."
công-nhận,"ratifié, reconnu, approuvé par le public",公認,Ai nấy cũng đều ưng-nhận như thế.
công-nhiên,"clairement, publiquement, au vu et au su de tous",公然,Rõ-ràng ai cũng thấy như thế cả.
công-thần,sujet méritant,功臣,Bầy tôi có công.
công-thương,l'industrie et le commerce,工商,"Nghề làm thợ, nghề đi buôn."
công-trình,œuvre,工程,"Việc gì to tát, phải có công sếp đặt chỉnh đốn."
công-văn,"lettres, documents officiels",公文,"Giấy má việc nhà nước, tờ tư, tờ sức, v. v."
cổ-nhân,ancien ami,故人,"Người cũ, người quen biết nhau đã lâu."
cố-nhiên,"bien entendu, évidemment",固然,Đã hẳn như thế.
cơ-quan,organe,機關,"Máy móc, then máy, đồ-dùng, phần quan-trọng, cốt-yếu (Dùng trong chữ: Báo cơ-quan thì nghĩa là cái báo làm then máy, làm đồ-dùng cho nhà-nước.)"
cơ-quan (súng),mitrailleuse,機關槍,"Súng có máy vặn, một phút đồng-hồ bắn được mấy trăm viên đạn, mang đi mang lại dễ."
cơ-sở,"base, fondement; première pierre d'un bâtiment",基礎,"Nền gốc, phần cốt chính; nền nhà đặt đá tảng, là lúc mới bắt đầu làm nhà. Phàm việc gì mới gây nên nền nếp cũng như lúc mới dựng nhà."
cổ-sử,histoire ancienne,古史,Sách sử đời thượng-cổ.
cơ-thể,organisme,機體,"Gồm các cơ-quan, bộ-phận trong một con vật, một cái máy, v. v."
cô-thôn,hameau solitaire,孤村,Chỗ xóm lẻ.
cơ-trục,"axe d'une machine, partie principale (d'un organisme, etc.)",機軸,Cái trục có máy để chuyển vận trong một cơ thể; phần cốt chính.
cổ-văn,littérature ancienne,古文,Văn đời xưa.
cổ-vũ,s'enthousiasmer ; faire de la propagande (pour une œuvre),鼓舞,"Chính nghĩa là đánh trống, múa. Dùng rộng nghĩa thì là vui vẻ nhiệt-thành mà xướng-xuất việc gì, hoặc đưa tin phao truyền cho nhiều người biết."
cục-chế,bureaucratie,局制,Các cuộc của nhà-nước xếp đặt để biện việc.
cực-điểm,"le plus haut point, le degré le plus élevé; maximum, summum",極點,"Chỗ cùng tột; đến thế là cùng, không còn bực nào hơn nữa."
cử-chỉ,manières et gestes,舉止,"Cắt nhắc, đi đứng; nói cái dáng điệu người ta."
cực-lực,de toutes ses forces; d'une manière intensive,極力,Làm cố hết sức.
cục-ngoại,"qui reste en dehors d'une entreprise, qui n'y prend pas part; qui n'occupe aucune fonction publique; simple spectateur d'un événement",局外,"Ngoài cuộc, người ở ngoài không dự vào cái việc đó."
cự-li-độ,"distance, portée (d'une arme)",距離度,"Độ cách xa, sức bắn xa."
cung-cấp,fournir; ravitailler,供給,"Cung cho đủ, đem cho người ta những đồ mà người ta thiếu thốn để được đủ dùng."
cử-nghiệp,science officielle; culture littéraire en vue du concours,擧業,"Lối học chỉ chủ để làm quan, lối học văn chương để đi thi."
cử-nghiệp,se dit des examens et concours; d'un enseignement donné en vue des examens et concours,舉業,"Sự thi-cử đỗ-đạt, nói « cái học cử-nghiệp » là cái học chuyên về sự thi-cử đỗ-đạt."
cước-chú,note explicative ou commentaire placé au bas d'un texte,腳註,Chua ở dưới để thích nghĩa hoặc nói rõ ý chữ gì câu gì ở trên.
cương-cường,energique et fort,剛強,"Cứng cỏi, mạnh tợn."
cương-giới,"frontière, limites, confins du royaume",疆界,Bờ cõi trong nước.
cưỡng-hoá,"assimiler par force, par contrainte",強化,"Bắt ép người ta, phải hoá theo mình."
cường-lân,voisin puissant,強鄰,Nước bên cạnh mà mạnh hơn nước mình.
cường-quyền đoạt công-lý,la force prime le droit,強權奪公理,Lấy quyền sức mạnh mà lấn ép nhẽ phải.
cự-phách,le doigt le plus gros; l'homme le plus renommé,巨擘,"Một ngón tay lớn hơn cả các ngón kia, ví như một người giỏi hơn cả trong một bọn người."
cứu-cánh,"dernier, suprême, ultime",究竟,"Cuối cùng, sau cùng, cùng cực, đến thế là thôi không còn gì nữa."
cựu-học,vieille culture; enseignement traditionnel,舊學,"Học cũ, sự học ngày trước mà ngày nay không thích hợp, như chữ Hán ở nước ta, đối với Tân-học 新 學 là học mới thích-hợp với đương-thời."
cửu-như,les neuf souhaits en l'honneur de l'empereur,九如,"Lời chúc-tụng vua được phúc lộc nhiều: 1° như mặt giời vừa mọc, 2° như mặt giăng gần tới tuần rằm, 3° như núi không bao giờ mòn, 4° như sông không bao giờ cạn, 5° như gò không bao giờ lở, 6° như đống đất càng to, 7° như quả đồi càng ngày càng cao, 8° như cây Thông cây Trắc thường tốt không bao giờ khô, 9° như núi Nam-sơn thọ mãi ngàn muôn năm không bao giờ đổ. Điển ở thơ thiên-bảo 天 保 trong kinh Thi 詩."
cựu-sầu,tristesse ancienne; ce qui a été l'objet d'un chagrin,舊愁,"Sầu cũ, sự buồn-rầu, tức-bực khi trước."
cựu-thần,ancien serviteur de l'etat ou de la dynastie,舊臣,"Bầy tôi cũ, người giúp việc nhà-nước đã lâu, cũng như cổ-thần 故 臣."
cứu-thế,sauveur du monde,救世,"Giúp đời, cứu giải tai nạn cho đời."
cửu-tiêu,les neufs régions du ciel ; l'empyrée,九霄,Trên chín tầng mây xanh.
cựu-truyền,tradition,舊傳,"Tục cổ phép cũ đời trước di-truyền lại, đời này phải theo. (Chữ tổ-truyền 祖傳 cũng cùng một nghĩa ấy.)"
cứu-viện,"porter secours, donner une aide, une assistance; venir à la rescousse",救援,Cứu giúp kẻ nguy nạn.
đa-cảm,sensible,多感,"Người hay cảm, người có lắm tình-cảm, trông thấy truyện gì, vật gì cũng động lòng mà sinh ra nghĩ ngợi."
đắc-chí,etre satisfait; arriver au comble de ses désirs,得志,"Được thoả chí, làm việc gì được như ý của mình."
đặc-quyền,droit spécial; privilège,特權,"Quyền riêng, quyền chỉ một mình mình có."
đặc-tính,"caractère particulier; caractéristique, particularité",特性,"Tính riêng, tính-chất riêng của một người một vật gì không giống như các người khác vật khác."
đại-bác,"canon, pièce d'artillerie",大砲,"Súng nhơn, súng « thần-công », dùng để bắn đạn to."
đại-để,"en général, d'une façon générale",大抵,"Tóm tắt cả lại, nói đại khái."
đại-động-cơ,facteur puissant,大動機,"Một cái máy có sức chuyền-động nhơn, nghĩa bóng là cái gì nó làm cho biến đổi cực mau, cực mạnh."
đại-giá,"prix, rançon, garantie",代價,"Cái giá để thế vào, thay vào, đền vào. Như được một sự hơn phải một sự thiệt thì cái thiệt ấy là đại-giá cho cái hơn."
đái-lĩnh,commander (une armée),帶領,Nói về ông tướng cầm quân.
đại-số học,algèbre,代數學,Là phép học tính lấy chữ dùng thay số.
đại-tài,grand talent; homme de génie,大才,"Tài lớn, tài giỏi hơn người."
đại-trí,grand esprit,大智,Người có trí khôn biết suy xét được nhiều.
đại-tư-giáo,cardinal,大司教,"Là chức cao hơn nhất trong đạo Thiên-chúa, dưới chức Giáo-hoàng."
đảm-nhiệm,"s'engager à, prendre la responsabilité de",擔任,"Gánh vác lấy công việc gì, giữ trách-nhiệm vào mình."
đàn-điểm,réunion solennelle,壇坫,Là nơi hội họp nghiêm-trang.
dân-đoàn,"les hommes, le peuple (vivant en société)",民團,"Một bọn nhân dân cùng đoàn kết với nhau, cùng ở một xứ."
đan-độc,isolé; seul; unique,單獨,Riêng lẻ ra có một người hay riêng một cái gì. (đọc là Đơn-độc cũng được).
đẳng-cấp,"classe sociale, caste; catégorie sociale",等級,"Hạng người, bực người trong xã-hội."
đăng-cực,avènement au trône,登極,Lên ngôi vua.
đăng-lâm,faire une ascension de montagne; contempler un paysage du haut d'une montagne,登臨,"Khi đi du-lịch trèo lên núi xem, lại trông xuống dòng nước ở dưới chân núi."
đăng-lục,débarquer des troupes,登陸,Đem quân dưới tàu lên cạn.
đăng-mê,sorte de jeu de mots; devinette,燈謎,"Một thứ đánh-đố của Tàu, một nghề chơi đố bằng chữ nghĩa, hoặc lấy một câu thơ, một bài thơ mà đố là vật gì, hay giống vật gì, hay tên người nào, hay một câu xuất-xứ ở trong sách nào. Có khi lấy một câu chữ nguyên trong sách hay đặt ra một vài câu viết lên đèn bóng cho người ta trông mà đố cũng được."
đăng-tiên,monter au séjour des immortels,登仙,Lên chốn cung tiên.
đảng-tranh,lutte de partis,黨爭,Bè đảng tranh giành nhau.
đàn-hạch,"critiquer; reprendre quelqu'un (pour un tort, une faute)",彈劾,Lấy lời nghiêm chỉnh mà hạch lạc.
danh-dự,"honneur, réputation, renom",名譽,"Tiếng khen, có danh tiếng người ta khen ngợi."
danh-hoạ,"belle peinture, beau tableau",名畫,Bức tranh vẽ đẹp.
danh-lợi bôn-xu,courir à la recherche du profit et des honneurs,名利奔趨,Chạy chọt theo đuổi về đường công danh lợi lộc.
danh-thắng,"lieu célèbre (beauté naturelle, lieu historique)",名勝,"Chỗ cổ-tích, nơi phong-cảnh đẹp có tiếng xưa nay."
dân-sinh quốc-kế,"litt. vie du peuple, moyens de gouvernement; ce qui regarde la vie politique et économique d'un pays, d'un peuple",民生國計,"Việc làm ăn của dân, việc lo tính trong nước, những truyện có ích-lợi cho dân cho nước."
đàn-tinh-đàm-tứ,"étudier, réfléchir a fond; déployer toute l'ardeur de son esprit et de son intelligence",殫精覃思,"Cố gắng cho hết tinh lực, suy nghĩ cho thấu tình tứ, nghĩa là làm nghề gì, hay là chăm nghề học, cũng phải chuyên chú tinh thần mà làm."
dân-tộc nghị-hội,assemblée délibérative réunissant les délégués de toute une nation; parlement national,民族議會,Một dân tộc nhóm nhau lại một chỗ cử người thay mặt bàn công việc.
dân-trí khai-thông,développement intellectuel du peuple,民智開通,"Trí dân mở rộng, dân khôn nhiều trí-thức."
dân-ý cơ-quan,"organe de l'opinion populaire (un journal, une assemblée délibérative ou consultative)",民意機關,[...] cái chỗ để tỏ ý chung của cả một dân tộc.
dao-đài,palais de jade (séjour des immortelles),瑤臺,"Đền bằng ngọc giao, đền của tiên ở."
đào-dưỡng-tính-tình,cultiver les bons sentiments,陶養性情,Nuôi nấng tính tình cho được điều hoà thoả thích.
đạo-mạo,visage solennel (se dit des professeurs),道貌,"Giáng mặt đạo-đức, trịnh trọng, đáng làm ông thầy."
đào-tạo,former,陶造,Nặn đúc cho thành.
đào-thải,sélection,淘汰,"Ngâm nước để lọc thải bớt đi, như là vo gạo để thải bớt chấu cám đi. Loài người trong thế-giới, hễ loài nào hèn cũng bị lọc thải dần đi."
đạp-thanh,fouler la verdure (nom d'une fête chinoise du printemps.),踏青,"Lễ Tầu cứ ngày Thanh-minh tháng ba đi tảo mộ, gọi là lễ đạp-thanh."
dã-tâm,dessein secret (en vue de nuire à autrui),野心,"Bụng nham hiểm, mưu hại người, không lộ cho người biết."
đấu-xảo,concours; exposition d'art,鬪巧,"Thi khéo, bày ra các đồ khéo để cho thi xem ai khéo hơn cho thiên-hạ nức lòng đua nhau làm đồ khéo."
đề-cập,signaler; faire mention; parler de,提及,"Kể đến, nói đến, tính đến việc gì."
đế-đô,capitale de l'empire,帝都,Kinh-đô vua ở.
đề-huề,aller la main dans la main,提攜,Dắt-díu nhau; thuận-hoà nhau
đề-mục,"titre d'un livre, d'un chapitre",題目,Đầu bài.
đế-quốc-chủ-nghĩa,impérialisme,帝國主義,Là chủ-nghĩa đi chiếm lấy những nước khác để làm cho nước mình thành nước cực lớn.
đề-xướng,"susciter (un courant d'opinion,...)",提唱,Khởi ra một điều gì mới lạ để bắt đầu làm.
địa-chất-học,géologie,地質學,Học về cái vỏ địa-cầu.
địa-danh,nom de terre; nom géographique,地名,Tên các phần đất.
địa-phương,"région, régional",地方,"Các địa-hạt trong một nước (như trong một nước mỗi một tỉnh, mỗi một vùng, là một địa-phương)."
địa-vị,"place, rôle",地位,"Chỗ ngôi thứ của một người hay là một nước, đứng về hàng nào."
di-dịch,changer; déplacer,移易,"Dời đổi, dời chỗ này ra chỗ khác, đổi cái nọ cái kia."
di-địch,"peuplades barbares, incultes",夷狄,"Rợ mọi mường mán, những dân chưa có khai-hoá."
điềm-nhiên,naturellement; avec indifférence,恬然,"Yên-lặng, điềm-tĩnh, không hay nóng-nẩy, sốt-sắng."
điển-chương,institutions politiques,典章,"Lề lối, phép tắc thuộc về chính-trị."
điển-chương,lois et règlements,典章,"Phép tắc, điều-lệ trong một nước."
điển-cố,allusion à un fait historique,典故,Điển tích cũ.
diễn-đài,chaire (où l'on professe),演臺,"Đài cao để đứng đấy mà diễn-thuyết, dậy học."
diễn-đàn,tribune,演壇,"Nơi công-đồng để cho người ta đến mà diễn-thuyết, nghị-luận."
diễn-kịch,jouer sur la scène; par extension: théâtre,演劇,"Ra vai tuồng, hát tuồng hát chèo. Dùng rộng nghĩa là nghề tuồng."
diện-mạo,"figure, physionomie",面貌,"Dáng mặt, hình dáng mặt mũi người ta."
điền-phu,travailleur des champs; laboureur,田夫,"Người cày ruộng, kẻ đi làm ngoài đồng."
điển-tịch,"vieux livres, ouvrages anciens",典籍,Sách vở cũ.
điện-trì,pile électrique,電池,"Ao điện, tức là cái điện-trụ chứa những kẽm, đồng và nước cường-toan để sinh ra điện."
điền-viên,vie champêtre,田園,"Vườn ruộng, nơi thú nhà quê, cày cấy giồng dọt."
điều-độ,"arranger, ordonner",調度,"Điều-hoà cho có chừng độ, bố-trí đâu ra đấy cho có thứ lớp không lộn-xộn."
điều-hoà,combiner; concilier,調和,Hoà-hợp hai cái lại cho đều nhau.
điều-hoà-chính-đảng,concilier les partis politiques,調和政黨,Hoà-hợp các đảng chính-trị trong nước.
điêu-khắc,sculpture,彫刻,Nghề trạm khắc.
điêu-khắc-học,la sculpture,雕刻學,Môn học chạm trổ cho thật khéo.
điều-ước,traité,條約,"Nhời ước đặt thành điều, của hai nước ký với nhau."
di-hương,"un reste de parfum; ce qui subsiste d'une beauté ancienne, d'un charme passé; traces de la personne aimée",遺香,Hương thừa sót lại.
dị-nghị,"contradiction, objection; avis, opinion contraire",異議,"Nhời bàn khác, bàn trái lại; chấp cái ý-kiến riêng mà chủ một lời bàn khác với chúng."
đình-loan,litt. arrêter le char impérial; arrêt fait par l'empereur en un lieu au cours d'un voyage,停鸞,"Dừng xe loan, khi vua ngự đi chơi nghỉ lại đâu."
định-mạng,la destinée; ce qui est fixé par la destinée,定命,Vận-mạng nhất-định.
định-nghĩa,"déterminer le sens, la signification exacte; définition d'un terme",定義,Giải-thích ra cái nghĩa nhất-định như thế.
đình-thí,concours de doctorat (ayant lieu dans la cour même du palais impérial),庭試,"Thi đình, lệ ta các ông cử-nhân vào thi trong kinh đô Hội rồi vào thi Đình để lấy đỗ Tiến-sĩ."
đình-vi,litt. cour et appartements réservés; appartements privés (des parents),庭圍,"Trong nhà, trong chỗ buồng the, nói về chỗ cha mẹ ở."
dị-thường,"extraordinaire; bizarre, étrange",異常,"Khác thường, người lạ, việc lạ vật lạ."
di-tiếu,"laisser un nom, un souvenir qui sera la risée de ceux qui viendront après nous",貽笑,"Để tiếng cười lại, làm truyện gì xấu đề cho người ta chê cười được về sau."
di-truyền,légué par le passé; hérédité,遺傳,Đời trước truyền đề lại cho đời sau.
doanh-nghiệp,"syndicat, trust, cartel; exercice d'un métier",營業,"Doanh-nghiệp là những người làm nghề nghiệp, người buôn bán. Doanh-nghiệp-đồng-minh là hội những nhà buôn bán, nhà làm nghề để giữ cùng chiếm lấy lợi-quyền riêng cho mình; sự làm nghề để sinh-nhai."
đoản-luật,poésie courte; quatrain classique,短律,"Thơ luật ngắn, hoặc gọi là thơ tứ-tuyệt."
đoàn-luyện,"forger; exercer, perfectionner",鍛鍊,"Nung nấu, luyện tập, chắt lọc, cho nó tốt hơn lên."
đoan-nghê,"commencement, début; germe; bout d'une affaire",端倪,"Mảnh mối, việc gì hở ra một tí cho người ta biết mảnh mối."
đoàn-thể,"corps, association",團體,"Gồm người cùng một nghề, một ý, một chủ-nghĩa."
đoản-thiên-tiểu-thuyết,"conte, nouvelle",短篇小說,Lối chuyện tiểu-thuyết làm ngắn độ một hai thiên.
đoạn-trường,litt. avoir les entrailles rompues; au figuré: éprouver un profond chagrin,斷腸,"Nghĩa đen là đứt ruột, nói bóng là buồn rầu thương xót."
độc-đoán,"dogmatisme, dogmatique",獨斷,"Quyết-đoán một mình. Về triết-học thì chỉ các môn học quyết-đoán tự cho mình là phải, không để người ta được nghi ngờ nữa."
đốc-suất,"diriger, surveiller, commander",督率,Coi sóc bảo-ban người ta làm công việc.
độc-trùng,insectes venimeux; microbes nuisibles,毒蟲,"Con sâu độc, những loài sâu có độc làm hại được giống khác."
đồ-địa,destruction,塗地,Phá nát ra bùn ra đất.
do-dự,"hésiter, hésitation",猶豫,"Dùng dằng, hồ nghi không quyết hẳn. Con Do là loài thú, giống loài hồ, tính hay sợ hãi nghi ngờ, nên mượn mà nói ví như người hay hồ nghi không quả quyết."
đồ-hoạ-học,la peinture,圖畫學,"Môn học vẽ hoạ địa-đồ, hoạ truyền-thần."
đối-đãi,façon d'agir envers quelqu'un; traiter,對待,"Hai sự gì đối nhau, hay là hai người cư-xử với nhau."
đối-phó,"répondre (à un but, à une action, etc.); faire face a; pourvoir a...",對付,"Nhân một việc gì dùng cách đối-đáp, đối-đãi lại việc ấy; đối đãi với một sự gì, một việc gì xẩy ra; đối với người ấy hay là việc ấy thời phải xử cách như thế, làm như thế."
đồng-chí,ceux qui poursuivent le même but que nous,同志,"Người cùng một bụng với mình, cùng định làm một việc."
động-cơ,moteur,動機,Cơ-quan dùng để vận-động máy.
đồng-hoá,assimilation,同化,"Hoá theo mình, hoá cho giống mình."
đồng-khoa,"de la même catégorie; semblable, égal",同科,"Cùng một khoa, nghĩa là hai đằng bằng nhau cùng như nhau."
đồng-sinh cộng-tồn,vivre ensemble; coexister,同生共存,"Cùng sống cùng còn, với cùng nhau mãi mãi được."
động-thuỷ-học,hydraulique,動水學,Sự học về sức truyền động của nước.
đồng-văn,"de même langue, de même culture",同文,Cùng chung chữ với nhau như nước ta với nước Tầu.
đôn-hậu,franc et honnête,敦厚,"Thuần-hậu, chất-thực."
Do-thái,"juifs, hébreux, israélites",猶太,"Tiếng tầu dịch tiếng Judée. Do-thái chỉ chung là người Juifs, Hébreux, Israélites."
đô-thị,"ville capitale, chef-lieu d'un pays, grande ville",都市,"Chỗ đô-hội thành-thị, phố xá buôn bán, người ta tụ họp đông đúc."
đô-thị-phiền-hoa,grande ville,都市繁華,"Một nơi thành phố họp đông người, đua nhau sự xa hoa."
đồ-thư-quán,dépôt de livres; grande bibliothèque,圖書館,Nhà chứa sách để cho ai muốn đến xem thì xem.
dự-bị,préparer; prendre des mesures en vue de...,預備,"Dự trước để phòng sau có truyện như thế, dự-tính trước."
dự-bị (quân),"réserve, troupes de réserve",預備軍,"Quân để dành, lâm-thời mới dùng đến."
dự-bị ban,cours préparatoire; école préparatoire,預備班,Lớp học dự để rồi lên lớp trên.
dục-vọng,"désir, espérance; ambition, désir",欲望,"Lòng tham muốn mong mỏi cho được; mong muốn, lòng muốn lòng mong."
dư-đồ,carte d'un pays; géographie d'un pays,輿圖,"Địa-đồ của một nước; hình-thế, bờ-cõi một nước."
dự-đoán,"préjuger, pressentir; pronostiquer; prévoir",預斷,Đoán trước mà biết được việc sau.
du-học,aller étudier à l'étranger,遊學,Đi học ở phương khác.
du-lịch,voyager,遊歷,Đi chơi trải khắp mọi nơi.
dư-luận,opinion (du peuple),輿論,"Nhời bàn chung, ý kiến của nhiều người, của cả bàn-dân."
dụng-công,faire des efforts; s'efforcer,用功,Cố công mà làm việc gì.
dung-hợp,fusion,融合,"Hoà-hợp lẫn nhau (hai thứ gì, hoặc ý-kiến hai người nào cùng họp làm một)."
dung-tích,"contenance d'un objet, sa capacité",容積,Cái phần đựng được của một vật gì.
dư-niên,ce qui reste d'une vie inutile,餘年,"Năm thừa, người đã nhơn tuổi ngẫm cái đời mình không còn làm gì được nữa, còn sống năm nào là thừa."
dược-học,pharmacie; étude des médicaments; pharmacopée,藥學,"Học tính-chất các thứ thuốc, cùng cách chế thuốc; môn học nghiên-cứu những tính-chất các thứ làm thuốc (chữa bệnh) được."
đương-chức,en fonctions,當職,Đương giữ chức việc nhà nước.
dương-danh-hiển-thân,se faire un nom illustre dont la gloire rejaillit sur ses parents,揚名顯身,Làm nên danh-giá để tiếng tốt cho cha mẹ.
đương-đạo,hommes au pouvoir,當道,"Chỉ những người đương làm quan, có quyền thế trong nước."
đương-đồ,hommes au pouvoir,當途,"Những người đang cầm quyền chính làm quan bây giờ, cũng như đương-đạo 當道."
đường-luật,métrique des đường; poésie composée suivant la métrique inventée sous la dynastie des đường,唐律,"Là lối thơ ngũ ngôn hay thất ngôn, phải làm theo luật phép bắt đầu từ nhà Đường, nên gọi là Đường luật."
đương-sự,les parties (dans une action judiciaire),當事,Người có việc đương lúc ấy. Chữ luật chỉ người có việc lên tòa án.
đương-thời,"de ce temps, contemporains",當時,"Lúc bấy giờ, (lời nói lúc sau mà truy lại lúc trước."
đương-tuyển,candidat a une élection,當選,"Người ra chịu người ta kén chọn, bầu cử để làm việc chức gì."
dự-toán,"calculer d'avance; faire des prévisions; établir le budget, budget",預算,"Tính trước, như sổ « dự-toán » của nhà nước là sổ tính sẵn những khoản thu vào chi ra năm sau (làm từ năm trước)."
duyên-cách,"changement, modification",沿革,"Cải-cách, biến-đổi dần-dần đời nọ sang đời kia."
duy-kỷ-chủ-nghĩa,égotisme,惟己主義,Chủ-nghĩa vị mình hơn người.
duy-tâm-chủ-nghĩa,idéalisme,惟心主義,"Chủ-nghĩa trọng sự vô-hình, sự thuộc về tinh-thần, về tâm-tính."
duy-tha-chủ-nghĩa,altruisme,惟他主義,Chủ-nghĩa vị người hơn mình.
duy-trì,"conserver, retenir, sauvegarder, sauver",維持,"Gin giữ, cứu vớt cho khỏi đến bại hoại."
duy-trì-trật-tự,"maintenir l'ordre, la sécurité",維持秩序,"Giữ gìn cho có thứ bậc, cho được yên ổn."
duy-vật chủ-nghĩa,matérialisme,惟物主義,"Chủ-nghĩa trọng sự hữu-hình, sự thuộc về vật chất, về thực sự."
gia-chính,economie domestique,家政,Công việc trong nhà thuộc về người đàn-bà coi sóc.
giác-quan,sens (les cinq),覺官,Cơ-quan dùng để cảm-giác.
giải-phóng,"libérer, affranchir",解放,Cởi mở ra cho được thoát khỏi.
giải-quyết,"résoudre une difficulté, un problème",解決,"Định xong một sự gì khó, một cái vấn-đề; giải gỡ đầu mối ra cho quyết định xong đi; cái nghĩa gì còn nghi giải ra cho chắc rằng thế là đích-xác, hoặc cái việc gì khó-khăn tính được cho xong, khỏi lôi-thôi nữa."
giải-thích,"expliquer, commenter",解釋,"Giải ra, thích ra, cắt nghĩa thích rõ ra cho minh-bạch."
giám-đốc,diriger. directeur,監督,Xem xét coi sóc.
giám-giới,servir d'exemple,鑑戒,"Điều hay để làm gương về sau, điều dở cũng để làm răn về sau."
gia-miện-lễ,couronnement (cérémonie du),加冕禮,"Lễ vua lên ngôi. Các vua Âu-châu khi lên ngôi có làm cái lễ đặt mũ lên đầu, nên gọi là gia-miện, nghĩa là đề mũ."
giản-dị,"simple, facile",簡易,"Giản-lược dễ-giãi, không phiền-phức tế-toái."
giá-ngạch,"tarif (des marchandises, etc...)",價額,Định-ngạch những giá hàng hoá.
giảng-cầu,"etudier une doctrine; expliquer une théorie; chercher à connaître, à afprofondir; chercher a comprendre une question, approfondir une science",講求,Giảng bàn tìm kiếm một cái nhẽ gì hay là một cái học-thuyết nào; chủ ý nghiên-cứu một sự học gì.
giang-hồ,"homme libre, indépendant, qui ne peut pas s'astreindre à une besogne déterminée; aventurier",江湖,"Rong ruổi chơi bời nay đây mai đó, người nhàn tản hay đi chơi chốn này chốn khác."
giảng-hoà,négocier la paix.,講和,"Bàn về việc hoà, thôi chiến."
giáng-sắc,promulguer un édit,降勅,Vua ban tờ sắc xuống cho các quan.
giang-sơn,fleuves et montagnes; pays natal; géographie d'un pays,江山,"Sông núi, dùng chỉ một đất nước, quê hương."
giản-sách,les livres,簡冊,Sách vở.
gian-tân,"malheur, adversité",艱辛,Cảnh hiểm nghèo nhiều nỗi cay đắng.
gián-tiếp,"indirect; d'une manière indirecte, indirectement",間接,"Nhân có một cái sen ở giữa mà hai cái kia mới liên-tiếp nhau, như người này muốn nói truyện với người kia mà không đến nơi cậy một người khác đến nói thời người đến nói ấy là người gián-tiếp (người ở giữa). Như việc này làm ra được ngay cái lợi này mà gián-tiếp cái lợi gì khác nữa."
gian-truân,"malheur, adversité; difficultés de la vie",艱屯,"Bước hoạn-nạn, lúc nguy-hiểm, mắc vận truân kiền."
giáo-chủ,fondateur de religion,教主,"Ông chúa một cái tôn-giáo nào, người xướng lập nên một cái đạo nào như đức Gia-Tô (Jésus Christ), đức Thích-ca (Bouddha)."
giao-du,entretenir des relations; relations (entre amis),交遊,Chơi bời giao tiếp với mọi người; kết bạn chơi-bời với nhau.
giáo-dục,education; instruction,教育,Sự dạy-dỗ mở-mang cho dân.
giáo-dục chuyên-khoa,science de l'éducation (considérée comme une spécialité),教育專科,Khoa chuyên học về sự dạy dỗ.
giáo-đường,maison de culte; église,教堂,Nhà thờ của một đạo nào.
giao-hiếu,relations amicales entre deux pays,交好,"Chơi bời với nhau tử-tế, giao kết với nhau, hai nước chơi thân nhau."
giáo-hoàng,pape,教皇,"Người làm đầu một môn đạo. Bên Âu-châu chỉ riêng là ông chúa-tể đạo Thiên-chúa ở La-mã, tức những bổn-đạo bên nước ta gọi là đức thánh Pha-pha."
giáo-hội,eglise,教會,Các giáo-đồ trong một đạo họp nhau lại thành đoàn-thể. Thường là chỉ đạo Gia-tô.
giáo-khoa (sách),"manuel scolaire, livre classique, ouvrage didactique",教科書,Sách dùng để dậy học.
giáo-khoa-thư,"livre de classe, livre scolaire; manuel",教科書,Sách dùng trong nhà trường để dạy học-trò.
giáo-lý,dogme,教理,Các lễ thuộc về đạo giáo.
giảo-quyệt,"astucieux, perfide; machiavélique",狡譎,Gian-giảo trí-trá.
giao-tế,relations sociales; relations mondaines,交際,"Sự giao-thiệp, sự đi lại, chơi bời trong xã-hội; khoảng giữa hai đàng giao tiếp với nhau, như là người này giao tiếp với người kia, nước nọ giao tiếp với nước kia; sự giao-tiếp với nhau."
giao-tình,amitié,交情,Tình bạn hữu chơi-bời giao-kết với nhau.
gia-quyến,famille,家眷,"Người trong một nhà một họ; người nhà, vợ con."
giả-sử,si; admettons que...,假使,"Ví khiến, nếu, là nhời nói phỏng thử."
gia-tộc,la famille,家族,"Trong một nhà, trong một dòng họ."
giá-trị,"prix, valeur, mérite",價值,Giá đáng của một vật gì. Nói bóng thì chỉ cái phẩm-cách của người ta.
giới-nghiêm,"se montrer sévère, puriste; retenir, empêcher",戒嚴,"Lấy cách nghiêm mà dăn dậy, ngăn cấm sự gì."
giới-thiệu,présenter (une personne à une autre),介紹,Đứng giữa dẫn trình một người cho người khác.
hắc-ám,obscur ; obscurantisme,黑暗,"Tối-tăm, mờ-ám, không phân minh. Dùng nghĩa riêng thì chỉ cái chủ-nghĩa không muốn khai-hoá cho dân."
hạc-cầm,"la grue et la guitare (allusion à un fait historique chinois, symbole de la vie du mandarin lettré)",鶴琴,"Triệu-Biện nhà Tống, khi đi làm quan, chỉ đem một con hạc và một cái đàn đi theo. Chỉ cái cảnh người làm quan phong-nhã."
hài-kịch,vaudeville,諧劇,"Một kịch-bản làm trò khôi hài, để cho buồn cười."
Hải-nha hoà-bình-hội,"conférence internationale de la paix de La Haye, tribunal de La Haye",海牙和平會,Hội vạn-quốc họp ở thành Hải-nha (Kinh-đô nước Hà-lan) để giữ cuộc hoà-bình trong thế-giới cùng phân-xử những việc tranh-cạnh của các nước.
hải-nội chư quân-tử,les hommes cultivés; l'élite du pays,海內諸君子,"Các bậc quân-tử trong nước, các người học-hành thông-thái có danh-giá ở trong một xứ, trong đời."
hải-sơn,"grand, vaste (comme une montagne, comme la mer)",海山,"Bể núi, dùng để ví cái công-đức cao dày, dùng để ví cái ân-tình sâu như bể cao như núi, có chỗ dùng để nói đường xá xa-xôi cách núi cách bể."
hạm-đội,"escadre, flotte",艦隊,Đội tàu chiến.
hàm-dưỡng,entretenir la pureté de son cœur,涵養,"Nuôi nấng tâm-hồn. Người ta trong lòng trong-sạch, không sự hiềm giận gì, gọi là hàm-dưỡng."
hàm-hồ,vague; qui manque de précision,含糊,Lúng-búng dấp-dính không được minh-bạch gẫy gọn.
hàm-mai,"garder le silence, silencieux; silence imposant",含枚,"Là ngậm-tăm, nghiêm-chỉnh, yên-lặng."
hàm-súc,d'inspiration profonde. (Se dit d'une poésie ou d'un morceau littéraire),含蓄,"Mang ngậm ở trong như làm sự gì hay là làm câu văn chương mà có ý tứ sâu xa, không lộ ra ngoài."
hàm-trật,grades dans la hiérarchie des fonctionnaires,銜秩,"Phẩm-hàm trật-thứ thuộc về đằng quan-chức, như nước ta kể tự cửu-phẩm 九 品 đến nhất-phẩm 一 品 đó là hàm-trật các quan."
Hàn Thuyên,,翰詮,"Nguyên tên là Nguyễn Thuyên ở về đời Trần Nhân-tôn, làm đến Hình-bộ thượng-thư. Theo tục truyền khi ấy có con cá xấu vào sông Phú-lương (tức là Nhị-hà) Thuyên làm bài văn nôm để tế, thì con cá ấy đi mất. Vua lấy làm giống việc ông Hàn-Dũ nhà Đường, cho đổi họ là Hàn, bởi vậy sau này ai làm văn thơ nôm đều gọi là Hàn-luật, nghĩa là văn thơ nôm nước ta bắt đầu từ ông Hàn Thuyên."
hạn-định,fixer un délai; réglementer,限定,Định kỳ-hạn nhất-luật phải thế.
hàng-hải,navigation ; transport maritime,航海,"Nghề vượt bể, nghề vận-tải bằng tàu bể."
hằng-hải-học-vấn,"science maritime, science de la navigation",航海學問,Sự học chuyên môn về nghề đi bể.
hành-chính,"administration, administratif",行政,Sự thi-hành việc chính-trị.
hành-động,"agir, action",行動,"Khởi làm, cất lên làm việc gì; vận-động để làm việc."
Hán-học,culture chinoise; étude des lettres chinoises,漢學,"Học Tàu, học chữ nho."
hàn-lệ,"litt. larmes froides: pleurer beaucoup, être baigné de larmes",寒淚,"Nước mắt lạnh, nước mắt chảy nhiều chan chứa."
hàn-mặc,"le pinceau et l'encre; la littérature, les lettres",翰墨,"Ngọn bút thoi mực, là thứ cần dùng của các nhà văn nhân. Dùng rộng nghĩa thì chỉ chung là văn chương."
hàn-ôn,s'informer de la santé de quelqu'un,寒溫,"Ấm hay lạnh, nhời hỏi thăm nhau có mạnh khoẻ không."
hấp-dẫn,"attirer, attraction (comme dans les phénomènes magnétiques)",吸引,"Hút dẫn nhau, vật này có sức hút dẫn vật kia, như đá nam-châm hút sắt."
hậu-thế,les générations futures,後世,Đời sau.
hậu-vận,"l'avenir (d'un pays, d'un homme)",後運,"Cái mạnh-vận về sau, hoặc may, hoặc rủi, hoặc tốt, hoặc xấu."
hệ-luỵ,"ce qui lie, ce qui attache, ce qui entrave notre liberte; soucis",繫累,"Vấn-vít, bận bịu, những truyện làm bận đến mình."
hiềm-kỵ,haine et jalousie,嫌忌,Hằn thù ghen ghét.
hiến-chính,régime constitutionnel,憲政,Việc chính-trị làm theo phép luật như nước lập-hiến 立憲 đặt ra có phép luật chung công việc chính-trị cứ theo đó mà làm.
hiển-đạt,"parvenu aux honneurs, a la gloire, a une haute situation",顯達,"Vẻ vang, hiển hách, sang trọng, làm nên công nghiệp."
hiền-minh-thánh-trí,"clairvoyant comme un sage, intelligent comme un être supérieur (un saint)",賢明聖智,Bậc thánh hiền sáng suốt khôn ngoan.
hiển-nhiên,"clairement, sans équivoque",顯然,Rõ-ràng không có chỗ nào tối-tăm.
hiến-pháp,constitution (loi écrite),憲法,"Phép luật chính-cốt, căn-bản trong một nước."
hiến-pháp,constitution (loi fondamentale d'un pays),憲法,Phép luật chung định việc chính-trị trong một nước.
hiện-tại,présent,現在,"Việc hiện đương có, thuộc về bây giờ."
hiện-tượng,manifestation extérieure (d'un phénomène),現象,Hình tượng phát hiện ra ngoài.
hiện-tượng,ce qui apparaît au dehors; phénomène,現象,Hình-tượng tỏ ra cho người ta thấy.
"hiển-vi, (kinh)",microscope,顯微 (鏡),"Làm cho trông những cái nhỏ rõ ra thành to, cái kinh soi vật nhỏ."
hiếu-cổ,"qui aime l'antiquité, les vestiges antiques",好古,Ham-thích lối xưa.
hiếu-học,qui aime l'étude,好學,Ham học.
hiệu-lực,efficacité,效力,Sức công hiệu.
hiểu-nhiên,"se dit d'une chose qu'on comprend clairement, sur laquelle il n'y a plus de doute",曉然,Biết rõ-ràng không điều gì nghi-ngờ.
hiệu-quả,effet produit; résultat obtenu,效果,"Việc làm đã thành được có công-hiệu, có kết-quả."
hỉ-khúc,"comédie, pièce comique",喜曲,"Là một khúc kịch bản vui vẻ, làm cho hớn hở lòng người."
Hi-lạp,"grèce, người grec, tiếng grec",希臘,"Tiếng tầu dịch tiếng Hellade, tức là nước Grèce, người Grec, tiếng Grec."
hình-thế,configuration géographique d'un pays,形勢,"Cái hình tượng, cái thể thế một xứ."
hình-thức,forme; formalisme; la lettre (par opposition à l'esprit),形式,Hình dáng lề-lối về bề ngoài.
hi-sinh,"victime, sacrifice",犧牲,Chính nghĩa là con vật làm thịt để cúng thần. Dùng rộng ra thì chỉ phàm cái gì phải bỏ hoài đi để vị một nghĩa nhơn.
hoá-công,le créateur; dieu,化工,"Người thợ sinh hoá được vạn-vật, nghĩa bóng là giời làm ra muôn vật."
hoá-giải,analyse chimique,化解,Lấy cách hoá-học mà giải tách ra từng chất một.
hoá-hợp,combinaison (chimique); synthèse chimique,化合,Làm biến-hoá hai thứ hợp lại làm một.
hoài-bão,nourrir des desseins,懷抱,"Bọc, ẵm, nghĩa là cái chí của mình, chứa bọc ở trong bụng."
hoài-cổ,"penser au passé; éprouver un sentiment de mélancolie en pensant au passé, devant un spectacle",懷古,Nhớ đời xưa.
hoài-cựu,penser au passé; regretter le vieux temps,懷舊,"Nhớ ngày xưa, nhớ đời trước, nhớ thói cũ."
hoàn-cầu,"dans le monde, sur toute la terre",環球,"Chung-quanh trên mặt quả đất, nghĩa là các phần đất, các dân các xứ ở trên mặt quả đất."
hoàng-hôn,crépuscule,黃昏,Lúc chạng vạng tối.
hoàng-khảo,le roi père (du roi régnant),皇考,Ông vua cha.
hoàng-kim-thời-đại,âge d'or,黃金時代,"Theo các nhà làm sử cũ là cái thời-đại lúc loài người mới sinh ra trên mặt đất, quanh năm là mùa xuân cả, người ta thật thà hiền lành, chưa biết cái khổ sở là cái gì."
hoàng-lương,songe qui dure moins que la cuisson d'une marmite de millet (allusion à une légende chinoise pour désigner le caractère éphémère des choses humaines),黃梁,"Xem truyện « Giầu sang chưa chín một nồi kê », dịch trên kia (trang 325-327). Hoàng-lương là kê vàng. Người ta thường nói mộng hoàng-lương, là một truyện cũ trong sách tầu nói người nằm ngủ mộng thấy mình được cực giầu sang một đời, tỉnh dậy thì người ta chưa nấu chín nồi kê. Chỉ sự phú quý ở đời không được mấy."
hoàn-hải,le monde entier l'univers,環海,"Khắp cả quanh bốn bể, là khắp thế-giới."
hoàn-vũ,"monde, univers",寰宇,"Gồm giời đất, vũ-trụ."
hoạ-phúc,ce qui arrive en mal et en bien,禍福,"Sự tai vạ sẩy ra, sự phúc lành may mắn."
hoá-tán,décomposition (chimique); analyse chimique,化散,Làm biến-hoá cái nguyên-chất tan ra thành chất khác.
hoạt-động,"vitalité, activité",活動,Sự vận-động hoạt-bát.
học-chính tổng-qui,règlement général de l'instruction publique,學政總規,Phép tắc chung tất cả về việc học.
học-giả,"homme d'étude, savant, érudit",學者,"Người học, người chuyên nghề học, người hay chữ."
học-khoá,matières du programme (scolaire),學課,"Những công-khoá trong nhà trường giờ này phải học môn này, giờ kia phải học môn kia."
học-thuyết,"doctrine (philosophique, etc...); théorie",學説,Những sách vở đặt ra để nói về một môn học nào.
hồ-điệp,le papillon (allusion à une légende chinoise),蝴蝶,"Con bươm bướm. Trang-Chu nằm mộng mình hoá ra con bướm, đó cũng là tỉ đời người, chẳng qua trong một giấc điệp mà thôi."
hội-hoạ,peinture,繪畫,Nghề vẽ hoạ.
hối-lộ,corrompre par des offrandes ou cadeaux; concussion,賄賂,"Đem tiền của hay là lễ vật báu gì giấu giếm đưa đến đút lót cho quan trên, hay là người làm hộ việc cho mình."
hồi-tâm-đoản-khí,désespérance et découragement,灰心短氣,"Lòng sinh ra chán, khí sinh ra kém."
hồi-tưởng,reporter sa pensée vers le passé; se souvenir,回想,"Nghĩ lại, nhớ lại việc cũ."
hội-viên,membre d'une société,會員,Người trong một hội.
hộ-khán,"infirmier, infirmière",護看,Chức trông nom người ốm ở các nhà bệnh-viện. (Tức ta gọi nôm theo tiếng tây là anh-phia-mê).
hồng-di,les peaux-rouges,紅夷,Người mọi da đỏ ở bên châu Mỹ.
hồ-nghi,douter. soupçonner; soupçonneux,狐疑,"Con hồ tính hay nghi ngờ sợ hãi, ví người hay ngờ-vực."
Hồng-Lạc,nom de la première dynastie annamite. par extension: la race annamite,鴻駱,Hồng-bàng-thị sinh ra Lạc-long-quân là tổ nước Nam ta.
hồng-phấn,fard rouge; belle fille,紅粉,"Phấn đỏ, dùng để nói là người con gái."
hồn-nhiên,"naturellement, spontanément, sans effort",渾然,"Tự-nhiên không bận hận, không dụng tâm gì cả."
hỗn-tạp,mêlé; mélanger; désordre,混雜,"Ở lẫn lộn nhau, trộn lẫn lại với nhau."
hợp-đồng,convention,合同,Tờ giao-ước hai bên cùng đảm-nhận với nhau việc gì.
hợp-nghi,"convenable, conforme à la règle",合宜,"Hợp vào cách phải, việc gì làm thế là nên."
hợp-nhất,"unifier, unification",合一,"Họp lại cho được đều nhau, được nhất-luật nhất-trí."
hợp-tung,"s'allier, se réunir en confédération pour lutter contre un ennemi commun",合縱,"Hợp nhau lại mà kết thành một giải dài, là một chước của nhà biện-sĩ tên gọi Tô-Tần 蘇秦 đời Chiến-quốc Tàu đi bảo sáu nước hợp nhau lại làm một mà chống cự với nước Tần. Vì buổi bấy giờ nước Tàu là một nước nhơn, ngoài có sáu nước nhỏ là Hàn 韓, Triệu 趙, Nguỵ 魏, Yên 燕, Tề 齊, Sở 楚, nước Tần 秦 có ý muốn kiêm-tinh dần, nên ông Tô-Tần vị sáu nước kia bày ra mưu ấy."
hợp-ước,accord,合約,Tờ giao-ước hai bên tỏ hợp ý với nhau.
hốt-nhiên,soudain; subitement,忽然,"Đương không vụt có, vụt sẩy ra."
hộ-vệ,"garde de corps (d'un souverain, etc)",護衛,"Đứng hầu gần để canh giữ xung quanh nơi vua ở, quan nhơn đóng."
huân-đào,"former l'esprit, le caractère",薰陶,Hun luyện ; dưỡng thành nhân-tài.
hưng-hoài,nostalgie,興懷,"Sinh bụng nhớ, đương khi không trông thấy cái gì mà sinh ra lòng nhớ đến sự gì."
hùng-kiệt,brave et héroïque,雄傑,"Mạnh tợn, cái gì có khí tượng mạnh-bạo dữ-dội."
hưng-suy cảm-khái,sentiment de tristesse qu'inspire le spectacle des vicissitudes de la vie ou de l'histoire,興衰感慨,Trông thấy cuộc đời khi thịnh khi suy sinh ra lòng cảm khái buồn rầu.
hưởng-dụng,avoir le droit d'user; jouir de,享用,Có quyền được hưởng dùng cái vật gì.
hương-hoả,culte; part d'héritage affectée au culte des ancêtres,香火,"Nhang với lửa, chỉ sự thờ cúng, tôn-kính. Lại chỉ cái phần của gia-tài dành để việc cúng-tế người chết."
hương-thí,concours provincial (communement appelé « concours triennal »),鄉試,"Thi Hương, xưa ba năm một lệ thi chính những học-trò các tỉnh tụ lại một chỗ, thi bốn kỳ, lấy đỗ cử-nhân, tú-tài, tức như trường Nam-định của ta hồi xưa."
hư-sức,vains ornements,虛飾,Văn sức ở bề ngoài.
hữu-cơ-hoá-học,chimie organique,有機化學,Là hoá học thuộc về những giống có cơ-thể.
hữu-dực,aile droite (d'une armée),右翼,Cánh quân bên tay phải.
hữu-dụng,"utile, qui rend des services",有用,"Có dụng, cái vật có thể cho người đời dùng được."
hưu-trí,"retraite, fonctionnaire en retraite",休致,Làm quan đã già về nghỉ.
huyền-bí,"mystérieux, profond",玄秘,"Mầu-nhiệm, cao-xa, khó hiểu."
huyễn-diệu,"tromper, en imposer à autrui",眩耀,"Dùng cách cao-đại để lừa người, «loè» người."
huyền-hoặc,tromper par des apparences fallacieuses,眩惑,"Làm choáng lộn lên cho người ta mê-hoặc, lấy bộ ngoài mà nạt người khác."
huyết-lực,"force; énergie, effort",血力,"Sức của máu, ý nói chịu cố công cùng sức đến đồ máu ra mà làm việc."
huy-hoàng,brillant; splendide; magnifique,輝煌,Sáng rực rỡ.
hý-trường,scène de théâtre; par ext.: scène du monde,戲場,"Nghĩa đen là rạp hát, ví bóng là cuộc đời."
kế-hoạch,"moyen, procédé; mesure prise",計畫,Vạch định mưu chước.
kê-liệt,enumérer,計列,"Kể bày, kể các thứ ra từng hạng."
kết-cấu,composition (art de composer en littérature),結構,"Sắp đạt, xếp dựng, nói về nghề làm văn thì là cái phép xếp đặt ý-tứ để làm thành bài văn, thành quyển sách."
kết-giao,se lier d'amitié avec quelqu'un,結交,Kết với nhau làm bạn chơi.
kế-thế,se succéder (d'une génération à l'autre),繼世,Đời nọ nối đời kia.
kết-liên,"s'unir, s'allier, se ligner",結聯,"Kết-liên lại với nhau, như nước nọ giao-kết với nước kia cùng đánh cùng dữ."
kết-luận,conclure; conclusion,結論,"Trong một bài văn có một đoạn nghị luận thúc kết lại về sau; bàn tóm lại, trên nói rộng mà dưới kết lại với một cái lẽ đích-xác."
kết-quả,"résultat, effet",結果,Sự thành công của một việc gì.
kết-tinh,condenser; cristalliser,結晶,Ngưng kết cái phần tinh-hoa lại. — (Chữ này viết là 結晶 thì chỉ những hạt thuỷ-tinh trong tuyết kết lại mà thành từng miếng tuyết có hình. Nói bóng nghĩa cũng giống như trên).
khắc-hoạch,clair précis; soigné,刻畫,"Khắc vạch, nghĩa bóng là làm cái gì thực kỹ càng nắn nót từng tí."
khách-quan,"spectateur, témoin",客觀,"Đứng ngoài mà trông, mà xem. (Về triết-học thì chỉ phàm cái gì thuộc về ngoài, do ngoài mà xét, không thuộc về chính mình (objectif), đối với chủ-quản là subjectif.)"
khắc-kỷ,"maîtrise de soi; se dominer, se maîtriser",克己,"Đè nén mình, giữ mình, ngăn cấm không làm sự xấu."
khải-ca,le chant de la victoire,凱歌,Bài hát của quân thắng trận về.
khai-đạo tác-thành,"guider, former (un talent, un esprit)",開導作成,Dạy dỗ gây dựng.
khải-hoàn,retour triomphal d'une armée,凱還,Lúc quân thắng trận giở về.
khai-mạc,lever le rideau; commencer le spectacle; ouvrir la voie à...,開幕,"Mở màn ra, mở màn bắt đầu diễn-kịch. Nói bóng nghĩa là bắt đầu, mở đường lối."
khái-niệm,généraliser,概念,"Xét chung, suy rộng để hội lấy nhẽ chung."
khai-thác,ouvrir un pays,開拓,Mở mang đất cát.
khai-thông thời-đại,"epoque de progrès, de développement",開通時代,"Thời buổi đã mở mang, thông thạo được nhiều."
khám-chế,dominer,瞰制,"Đứng cao, đứng xa, mà quản-thống cai-trị. (Chữ thường dùng về binh-pháp)."
kháng-cáo,interjeter appel,抗告,Tòa dưới kết án không chịu đem lên tòa trên chống án.
kháng-khái,"grandeur d'âme, indépendance de caractère",慷慨,"Ý chí cao-thượng, hăng-hái không chịu khuất nhục."
khang-kiện,fort et robuste,康健,Mạnh khoẻ.
kháng-nghị,protestation,抗議,Tờ chính-phủ nọ gửi sang chính-phủ kia để cãi-trách điều gì.
khang-phụ,riche et prospère,康阜,Thịnh-vượng giàu có no đủ.
khánh-tận,"epuisement complet, entier dénuement",罄盡,Xánh kiệt hết không còn gì cả.
khảo-cổ,etudier l'antiquité; faire des recherches sur l'antiquité,考古,Xét tìm những dấu tích ngày xưa.
khảo-cổ-học,archéologie,考古學,Sự học chuyên xét về các vết tích đời cổ.
khảo-cứ,recherche historique; travail d'érudition,考據,"Học tra xét, tìm kiếm cho được chứng cứ."
khảo-cứu,rechercher; compulser,考究,"Tra xét, tìm tòi."
khảo-khoá,nom d'un examen sous l'ancien régime,考課,"Là một kỳ thi để xét công-khoá học-trò xem ai học hay ai học giở, như ngày trước mỗi năm các tỉnh xứ ta có một lần khảo xem học-trò hay hèn thế nào."
khảo-vấn,"rechercher, compulser, interroger",考問,Xét hỏi.
khả-quyết,voter (pour et contre),可決,Nghị-viện bỏ vé quyết ưng. Đối với phủ quyết 否決 là không ưng.
khất-cái,"mendier, mendiant; solliciter comme un mendiant",乞丐,"Kẻ ăn mày ăn xin, đi xin đi nhờ người ta."
khẩu-biện,art oratoire; éloquence,口辯,"Nghề nói, nghề biện thuyết."
khẩu-đầu-thiền,"formule banale, qu'on répète a tout venant; prétexte spécieux",口頭禪,"Câu nói đầu lưỡi, câu nói thường cửa miệng."
khẩu-kính,diamètre,口徑,"Đường thẳng đi qua trung-tâm một cái vòng tròn, chạy ngang từ bên này sang bên kia."
khẩu-thiệt,"litt. bouche et lanque. se dit des désagréments causés par des contestations, des disputes de paroles; homme disert",口舌,"Miệng lưỡi, ý nói những điều gai ngạnh đua miệng tiếng với nhau; những người láu-lỉnh."
khế-văn,contrat,契文,"Tờ giao ước, văn-tự."
khí-diễm,ardent comme le feu; grande ardeur,氣焰,"Khí thế mạnh mẽ, đùng đùng như lửa cháy."
khiên-động,répercussion,牽動,"Dắt động, việc nọ dắt động đến việc kia, vì một việc mà sinh ra chuyển động các công cuộc khác."
khí-giới,"outil, ustensile; outillage; arme",器械,"Đồ dùng về nghề-nghiệp, hoặc là về việc quân."
khinh-bộ-binh,chasseurs (troupes),輕步兵,Lính bộ dùng những việc nhanh nhẹn.
khinh-suất,"agir à la légère, inconsidérément",輕率,"Xuất-xử việc gì vội vàng, không nghĩ kỹ."
khoa-học,"la science, les sciences",科學,"Sự học vấn chia từng khoa một, sự học thực dụng. — Khoa-học thường dùng đối với đạo-học là học về đạo-lý."
khoái-chá,"agréable; qui donne de l'agrément, qui fait le charme",膾炙,"Chính nghĩa là miếng thịt, miếng chả. Nói bóng là đồ ăn ngon, văn-chương hay, nhiều người thích."
khoái-lạc,plaisir; volupté,快樂,Vui sướng thoả thích.
khoáng-dật,se répandre,擴溢,"Tràn ngập, lan khắp."
khốc-hại,cruel; néfaste,酷害,Tàn hại dữ tợn.
khổ-hải,océan de la souffrance,苦海,"Tiếng phật, chỉ cái cảnh khổ vô cùng."
khởi-công-thế,"commencer, déclancher une offensive",起攻勢,Bắt đầu khởi thế công.
khởi-điểm,point de départ ; commencer,起點,Nơi bắt đầu ; bắt đầu làm việc gì.
khởi-thảo,élaborer,起草,"Bắt đầu thảo một cái điều-ước, cái chương-trình, v. v."
khởi-thuỷ,commencer une entreprise,起始,"Khởi ra đầu hết, hồi bắt đầu."
khởi-xướng,prendre l'initiative; commencer le premier,起唱,Khởi dầu xướng lên trước.
không-gian,espace (en philosophie),空間,"Chữ triết-học, thường dùng đối với chữ thời gian. Ngang đến vô-hạn gọi là không gian. Giọc đến vô-hạn gọi là thời gian. Không-gian tức là chữ vũ 宇 trong sách cổ mà chỉ « thượng hạ tứ phương » ; thời-gian tức là chữ trụ 宙 mà chỉ « vãng cổ lai kim »."
không-giới,espace vide; firmament,空界,"Quãng không, tức là trên bầu giời."
không-tiền khoáng-hậu,unique; sans exemple dans le passé et dans l'avenir,空前曠後,"Trước chẳng có mà sau cũng không, nghĩa là người gì hay việc gì từ xưa đến nay cho tới về sau nữa cũng không có; hiếm lắm, có một lần mà thôi, hoặc là hơn cả, trước sau cũng không bằng."
khổn-hạnh,vertu d'une femme; conduite d une femme vertueuse,閫行,Nết người đàn bà hiền.
khuất-nhục,"s'humilier, supporter des vexations sans égard a sa dignité (pour obtenir une chose)",屈辱,"Chịu khuất chịu nhục; chịu luồn-lỏi, xấu hổ."
khuê-khổn,femmes de la haute société,閨閫,"Chỗ buồng the đàn bà ở, dùng nói những người đàn bà có phẩm-hạnh có nết na đứng đắn."
khuê-nghi,"manières d'une femme polie, d'une jeune fille bien élevée",閨儀,Giáng điệu người đàn bà có lễ phép.
khủng-bố,crainte; effarement,恐怖,Sợ hãi quá.
Khương-công,nom d'un ministre de l'antiquité chinoise,姜公,"Là tên ông Thái-công-Lã-vọng 太 公 呂 望 người đời Châu 周 thủ̉a chưa đạt câu cá ở trên sông Vị 渭 vua Văn-Vương 文 王 nhà Châu, nghe là người hiền, đón về làm tướng."
khuông-phụ,aide et assistance au souverain (se dit des ministres),匡輔,Giúp đỡ công việc nước.
khu-trục-hạm,croiseur de chasse,驅逐艦,Tầu chiến dùng để đuổi theo các tầu địch.
khuyến-lệ,exhorter,勸勵,Khuyên bảo cho người ta nức lòng.
khuyết-điểm,"défaut, imperfection",缺點,"Điều thiếu thốn, sự khiếm khuyết, phần kém."
khuyết-hám,manque; lacune; défaut,缺憾,"Điều thiếu, điều còn đáng giận, những việc gì làm chưa được hoàn-toàn."
khuyết-tịch (án),jugement par contumace,缺席案,"Án lập vắng-mặt người bị cáo, hoặc người tội-nhân."
khuynh-hướng,"tendance, penchant",傾向,"Có ý thiên về đường nào, mặt nào."
kịch-liệt,"violent, impétueux, fougueux, emporté; fort, intense",劇烈,"Dữ-dội, hăng-hái, bạo-mạnh; dữ lắm, mạnh lắm."
kiếm-bội,uniforme d'officier,劍佩,Gươm và giây đeo là đồ quan võ dùng.
kiểm-điểm,contrôler,檢點,"Kiểm-đếm, nghĩa là trông nom xét đi xét lại kỹ càng."
kiêm-tính,"annexer, annexion",兼併,Gồm giữ lấy cả; lấy đất nước ngoài mà sáp nhập vào đất mình.
kiên-nhẫn,patience,堅忍,"Lòng bền chặt, chịu nhịn, chịu khó."
kiến-thiết,"fonder, créer; établi, instituer",建設,"Dựng đặt thành lên; dựng-dã bày-đặt, lập ra những phép-luật điều-lệ."
kiến-trúc (nhà),architecte,建築家,Người chuyên-môn nghề xây-dựng nhà cửa.
kiến-trúc-thuật,architecture,建築術,"Nghề xây dựng, tức là nghề đặt kiểu nhà, hoạ kiểu nhà."
kiến-văn,"chose vue et entendue, connaissance acquise par expérience",見聞,"Sự mắt thấy, tai nghe mà biết."
kiệt-tác,chef d'œuvre,傑作,"Cái gì làm ra tuyệt-phẩm, khéo, đẹp; công-cuộc gì làm khéo hơn cả."
kiệt-xuất,s'élever au dessus du commun,傑出,Trong một bọn nhiều người mà có một người cao vượt hơn cả.
kiều-cư,emigré,僑居,Người một nước đến ở nhờ nước khác.
kiểu-hãnh,"intrigue, intriguer, intrigant",僥倖,"Cầu-cạnh, vận-động, chạy chọt cho cố được gì."
kim-cách,littéralement: les armes (en métal et en cuir); par extension: la guerre,金革,Những đồ khí giới làm bằng ngũ-kim và bằng da. Bởi vậy việc chiến trận gọi la việc kim-cách.
kim-lan,expression chinoise pour désigner une amitié très intime,金蘭,"Bạn thân với nhau, chữ kinh Dịch: người bạn thân có thể chặt vàng mà chia được ; nhời nói đồng tâm thơm như hoa lan."
kim-ô,le corbeau d'or (mythologie chinoise: le soleil),金烏,"Con quạ vàng, ví như bóng mặt giời."
kim-phong,vent d'automne,金風,Gió vàng tức là gió mùa thu nói ý lạnh lẽo tiêu-sắt.
kim-tự-tháp,pyramide,金字塔,"Tháp hình chữ kim, nhọn đầu."
kinh-cơ,la capitale; capitale,京畿,Chỗ kinh thành vua ở.
kinh-doanh,organiser,經營,"Sếp đặt, sửa sang."
kinh-luân,"organiser, gouverner un pays; homme capable d'organiser, de gouverner",經綸,"Sửa sang cai-trị một sứ; người có tài làm công kia việc nọ, nhất là giỏi về đằng chính-trị."
kinh-lý,organiser,經理,Sửa sang xếp đặt công việc.
kinh-sư,"capitale, siège du roi et de la cour",京師,"Chỗ Kinh-đô vua đóng, chỗ chính-phủ một nước đóng ở đó, như Huế là kinh-sư nước ta."
kinh-tế-học,"économie politique, économie sociale, économique",經濟學,"Học về cách sinh sản, san sẻ, tiêu-dùng các của cải. Dùng rộng nghĩa thì là chỉ phàm cái gì quan-hệ đến việc xếp đặt các lợi-quyền trong xã-hội."
kinh-thế,entreprendre une grande œuvre utile à la société,經世,"Làm việc đời, người lo việc đời, làm cho đời được ích-lợi."
kỷ-công,"commémorer un fait, un service, un mérite",紀功,"Ghi chép những sự công trạng, để lưu truyền về sau, như là dựng bia, tạc tượng, cùng là thêu dệt lên trên lá cờ v. v."
kỷ-cương,"lois fondamentales (régissant la vie d'une nation); principes fondamentaux; règles de morale, de conduite",紀綱,"Phép tắc, giường mối trong một nước, đặt ra trên dưới có thứ-lớp."
kỳ-dịch,notables et fonctionnaires communaux,耆役,"Các người có chức-dịch ở trong dân-xã, dự làm việc làng."
kỷ-hà-học,géométrie,幾何學,"Tên nữa là hình-học 形學 là xét hình-trạng vị-trí của các vật trong không-gian. Còn có nghĩa là học đo, học đạc-đất. Tiếng « kỷ-hà-học » là đặt ra tự Từ Quang-Khải 徐光啓 nhà Minh."
ký-kết,s'engager par sa signature,記結,Ký tên vào giấy mà kết-nhận cái truyện ở trong giấy nói.
kỷ-luật,règlement; discipline,紀律,"Phép-tắc trong bọn luật-lệ đặt ra để buộc mọi người phải tuần theo, như nhà trường thời có kỷ-luật nhà trường học-trò trong trường phải theo kỷ-luật ấy."
ký-lực,mémoire,記力,Sức ghi nhớ được lâu mãi không quên.
kỷ-nguyên,ere; première année d'une ère; ère chrétienne,紀元,"Phép tính năm lấy một năm làm đầu, rồi hoặc tính ngược lên, hoặc tính suôi xuống. Phép tính kỷ-nguyên mỗi nước một khác. Như nước Tầu, nước ta thì mỗi lần đổi vua là thay niên-hiệu một lần, có khi một đời vua mấy lần đổi nguyên. Các nước Âu-Mĩ theo đạo Gia-tô, nên tính kỷ-nguyên lấy năm Gia-tô giảng-sinh làm nguyên-niên. Như năm nay là 1917, tức là 1917 năm sau khi Gia-tô giảng-sinh. Trong các sách tây nói kỷ-nguyên là đều tính như thế cả. Nhưng những nước theo đạo Hồi thì lại tính kỷ-nguyên từ ngày Mục-hẫn-mặc-đức (Mahomet) bỏ thành Lạp-mặc-khắc (La Mecque) đi, tức là năm 622 sau Gia-tô. Các nước theo đạo Phật, như nước Xiêm thì tính kỷ-nguyên từ ngày Phật-tổ hoá thân (5 trăm năm trước Gia-tô), v. v.."
kỷ-niệm,commémorer; souvenir (digne d'être commémoré),紀念,Để làm ghi-nhớ về sau.
kỹ-nữ,courtisane; chanteuse; comédienne; mondaine,妓女,"Con gái làng chơi; con ca, con hát."
kỳ-quan,"spectacle, fait merveilleux",奇觀,"Cảnh-tượng lạ, truyện kỳ."
kỳ-sầu,etat de vague mélancolie,奇愁,"Cái sầu lạ, sầu vơ-vẩn không biết sầu về cái gì, sầu bâng-quơ."
kỹ-sư,ingénieur,技師,"Ông thầy nghề, người chuyên-môn về một thực-nghiệp."
kỷ-thuật,"raconter; faire le récit (d'un évènement, d'un voyage)",紀述,Ghi-chép biên-thuật.
ký-túc-xá,"pensionnat, internat",寄宿舍,Nhà cho học-trò ăn ngủ ở trong ấy mà học.
ký-ức,mémoire (faculté),記憶,Sự nhớ những việc đã qua.
ký-vãng,passé,既往,"Việc đã qua rồi, thuộc về trước."
lạc-đà,chameau,駱駝,"Là một giống vật chở đồ khoẻ có bầu-bỉm nhờ đó mà chịu đó chịu khát tài, người ta thường dùng để đi cánh sa-mạc đường thật xa mà không có nước."
lạc-nghiệp,vivre content de son sort; amoureux de la paix et de l'ordre,樂業,"Vui nghề nghiệp làm ăn, không tưởng đến những sự quấy."
lạc-quan-chủ-nghĩa,optimisme,樂觀主義,Chủ-nghĩa xét việc đời ra hay cả mà đáng vui.
lạc-viên,paradis ; eden,樂園,"Vườn sung-sướng, cõi hạnh-phúc, theo đạo Thiên-chúa."
La-mã giáo-hội,eglise romaine,羅馬教會,Hội đạo Thiên-chúa thuộc quyền Giáo-hoàng ở La-mã.
lâm-dân hành-chính,"gouverner le peuple, diriger la politique",臨民行政,"Cai-trị dân, làm việc chính-trị."
lạm-dụng,abuser,濫用,Dùng lạm quá ra ngoài giới-hạn.
lâm-thời-chính-phủ,gouvernement provisoire,臨時政府,Chính-phủ đặt tạm đương lúc cần cấp.
lâm-tuyền khoáng-dã,solitude déserte,林泉曠野,"Nơi rừng suối, đồng không vắng vẻ."
lang-miếu,palais et résidences,廊廟,"Chỗ triều-đình, chỗ vua quan ở."
lăng-tẩm,"sépulture royale, mausolée",陵寢,"Mồ mả của nhà vua, nhà chúa."
lăng-tẩm,"mausolée, tombeau impérial",陵寢,"Chỗ mồ mả nhà vua; lăng là chỗ chôn, tẩm là chỗ thờ ảnh."
lao-động,"peiner, travailler avec peine; le travail (par opposition au capital)",勞動,"Phải làm-lụng khó-nhọc, như những người làm ruộng làm thợ."
Lạp-đinh,,拉丁,Tiếng tầu dịch âm tiếng Latin tức ta gọi là la-tinh.
lập-hiến-chính-thể,régime constitutionnel,立憲政體,Lối chính-trị có vua nhưng theo hiến-pháp của quốc-hội đặt ra.
lập-luận,argumenter; soutenir une thèse,立論,Dựng ra một cái lời bàn.
"lập-ngôn, trước-thuật","composer des livres, répandre des idées",立言著述,"Làm ra sách vở, để ban bố tư tưởng."
lê-thứ,"le peuple, la masse du peuple",黎庶,Người dân thường.
lịch-đại đế-vương,les souverains des temps passés,歷代帝王,Vua chúa các đời trước.
lịch-sử-học-phái,ecole historique,歷史學派,Phái học chuyên khảo-cứu về những sự thực đời trước.
liên-bang,fédération d'etats,聯邦,Mấy nước liên hợp lại làm một nước.
liên-hoàn,s'enchainer comme des anneaux; nom d'un genre de poésie annamite,連環,"Vòng liền với nhau, chữ này là một lối thơ làm câu đầu bài dưới nối với câu dưới bài trên như cái vòng nọ dính với vòng kia."
liên-lạc,"intimement uni, solidaire, solidarité",連絡,"Liền tiếp, nối với nhau, không có gián-cách."
liên-minh,"allié, pays alliés",聯盟,Các nước ký kết ước cùng liên hợp với nhau.
liệt-sĩ,"un héros, un brave; homme d'une vertu ferme et constante",烈士,"Người kháng-khái, giữ nghĩa-khí không chịu khuất-nhục."
liệt-thánh,les empereurs passés; les souverains antérieurs,列聖,Các vua đời trước.
liệt-tích,"vice, défectuosité; faute commise",劣跡,"Vết xấu, công việc xằng."
linh-hồn,âme; principe spirituel dans l'homme,靈魂,"Hồn thiêng các nhà tôn-giáo cho xác người ta chết rồi mà còn cái hồn không tuyệt-duyệt, cái đó gọi là linh-hồn, đối với nhục-thể 肉 體 là xác thịt."
lĩnh-thổ,"territoire, domaine",領土,Phần đất riêng của mình.
linh-tính,"l'âme, la partie spirituelle dans l'homme",靈性,Cái tính thiêng liêng cảm giác mà biết được.
lĩnh-tụ,chef (d'un parti politique),領袖,"Người đứng đầu một đảng chính-trị, v. v."
loan-hoàng,phénix; homme de génie; symbole de l'amour conjugal,鸞凰,"Chim loan chim hoàng hai giống chim quí, nghĩa bóng là người khác thường; và còn nghĩa là vợ chồng hoà-hiệp cùng nhau, lấy cái ý hai con chim ấy tiếng kêu thường hoạ nhau."
lợi-dụng,"utiliser, mettre à profit, exploiter",利用,Nhân cái gì đem dùng ra cho có lợi.
lỗi-lạc xuất-chúng,"esprit supérieur, hors du commun",磊落出衆,"Người cao-thượng, khác người thường."
lộng-ngoã,naissance d'une fille; fille,弄瓦,"Chơi ngói, dùng để nói truyện đẻ con gái, vì xưa đẻ con gái lúc biết cầm thường lấy sành ngói cho làm đồ chơi."
long-thịnh,"pompeux, magnifique",隆盛,"Rất thịnh, thịnh vượng lắm."
long-thuyền,barque impériale; yach impériale,龍船,"Thuyền rồng, thuyền vua ngự."
luân-chuyển,rouler; voyager partout,輪轉,Bánh xe chuyền vần xoay tròn mãi đi. Người ta đi du lịch vòng quanh khắp mọi nơi.
luận-đề,"dissertation; sujet à traiter, à développer; thèse",論題,"Bài luận, bài bàn."
luân-hồi,retour éternel; métempsycose,輪迴,"Xoay vòng bánh xe, nghĩa là người ta kiếp này chết đi lại sinh ra kiếp khác, xoay vần mãi không bao giờ dứt (điển về đạo phật)."
luận-lý-học,logique,論理學,"Sự học suy-lý biện-luận cho phải đường. Còn có tên nữa gọi là danh-học 名學, nghĩa là học cái cách dựng-đặt nhời nói, để nghị-luận cho hợp nhẽ."
luật-khoa-tiến-sĩ,doctorat en droit; docteur en droit,律科進士,Người có bằng tiến-sĩ về khoa học Pháp-luật.
luật-sư,avocat,律師,"Người chuyên-môn giữ luật-pháp, bệnh quyền-lợi cho người ta. Tức ta gọi thường là thầy-kiện. Còn tên chữ nữa là hộ biện sư 護辯師."
lục-dụng,inscrire au tableau d'avancement ou de promotion,錄用,Ghi tên vào sổ cứ coi sổ mà bổ-dụng.
lục-đường,litt. la salle verte. se dit d'une maison de plaisance servant de lieu de repos ou de villégiature a un haut fonctionnaire en retraite; lieu de repos,綠堂,"Nhà xanh, chỗ quan về trí-sĩ ở. Khi trước ông Bùi-Độ người nhà Đường, lúc thôi làm tướng về nhà có làm một chỗ chơi gọi là Lục-dã-đường 綠野堂."
lục-quân,troupes de terre; ministère de la guerre,陸軍,"Quân trên cạn. Bộ lục-quân là coi về quân trên cạn, đối với bộ hải-quân."
lục-tục,"incessamment; successivement, à tour de rôle incessamment",陸續,"Nối nhau cái nọ đến cái kia, lần lượt; lần-lượt nối nhau dần-dần"
lữ-hành,voyageur,旅行,Người đi dọc đường.
lữ-lực,force physique,膂力,Thân-thể mạnh mẽ.
lung-lạc,"duper, accaparer; faire entrer dans son piège",籠絡,Quyến-dỗ lừa-lọc người ta cho vào khuôn-vây của mình.
lương-bổng,"solde, appointements des fonctionnaires",糧俸,Tiền lương-bổng của những người làm việc.
lương-chính,bonne politique,良政,"Cái chính tốt, cái việc chính hay, cũng như mĩ chính 美政."
lương-phương,bonne recette (de médecine); bon procédé,良方,"Bài thuốc hay, phương-phép phải."
lương-thảo,vivres et fourrages,糧草,"Thóc gạo cho quân lính, rơm cỏ cho lừa ngựa."
lưỡng-toàn,parfait (à tous les points de vue),兩全,Vẹn vẽ cả hai đằng.
lữ-thứ,"voyageur, logement pour voyageurs",旅次,"Lữ là người đi dọc đường, phải ở chợ lại một chỗ là nơi lữ thứ."
lưu-huyết,effusion de sang,流血,"Nhân việc gì mà đến máu chảy, giết lẫn nhau."
lưu-lộ,faire apparaître,流露,Trôi chảy phơi bày ra bề ngoài.
lưu-phong dư-vận,"ce qui reste des bonnes habitudes, des charmes du passé",流風餘韻,"Cái thói sót, cái dịp thừa, những thói hay của đời trước còn lại."
lưu-tệ,mauvaise pratique léguée par le passé; vieille routine,流弊,Để tệ lại về sau.
lưu-toan,acide sulfurique,硫酸,Chất toan có lưu-hoàng.
lưu-vực,vallée (d'un fleuve),流域,"Gồm những đất ở trong vùng nước chảy của một con sông ; thường thường là khoảng đất thấp ở giữa hai mạch núi, con sông chảy trong."
lưu-ý,porter son attention sur,留意,"Để ý vào đấy, bụng chăm-chỉ về một việc gì."
luyện-đan,purifier le cinabre (chercher le remède qui préserve de la mort),煉丹,"Theo tiên-thuật ở nước Tầu ngày xưa là nấu luyện một thứ thuốc tiên bằng đan-sa (tức là châu-sa) dùng thuốc ấy thì được trường-sinh, không phải chết."
luyện-kim,alchimie,煉金,Nghề đời xưa tin nấu đúc được vàng bạc hay là chế tạo loài ngũ kim.
luyện-tập,exercer; assouplir par l'exercice,鍊習,"Rèn tập, tập cho quen, rèn đúc cho nên hay nên khá."
ly-biệt,séparation,離別,Đương ở với nhau một chỗ mà từ-giã nhau mỗi người một ngả phải xa cách nhau từ đấy.
ly-ca,le chant de la séparation,離歌,"Trong lúc ly-biệt nhau, làm khúc hát để tiễn biệt."
lý-do,raison d'une chose,理由,Nhẽ bởi đó mà sinh ra.
lý-hoá,physico-chimique,理化,"Vừa thuộc về vật-lý-học, vừa thuộc về hoá-học."
ly-hôn,divorcer; divorce,離婚,Vợ chồng bỏ nhau.
ly-kỳ tuyệt-thú,charme original,離奇絕趣,"Cái thú lạ lùng khác thường, rất là vui thú."
ly-sầu,tristesse de la séparation,離愁,Nhân phải xa-cách nhau mà sinh lòng sầu.
lý-tài,finances,理財,Phép quản-trị của cải.
lý-thuyết,"théorie, doctrine",理說,"Nhời bàn, nhời dạy lấy nhẽ mà suy."
lý-tưởng-chủ-nghĩa,idéalisme,理想主義,Chủ-nghĩa trọng cái tư-tưởng hơn sự thực-tế.
mặc-thủ-cổ-chỉ,"litt. comme l'encre s'attache au vieux papier: s'attacher trop aux vieux livres, aux doctrines surannées",墨守故紙,"Giữ khư khư lấy sách vở cũ, nghĩa lý cũ, không chịu theo thời mà biến đổi."
mai-một,"se perdre, disparaître peu a peu",埋沒,Dần dần biến mất đi.
mại-nô,esclavage,賣奴,Tục buôn bán người giống da đen làm nô-lệ.
ma-lực,force occulte,魔力,"Sức u-ám, hình như nó xui khiến run-rủi bắt mình phải theo phải làm như thế."
mã-lực,cheval-vapeur,馬力,"Sức mạnh của máy móc, chiều theo sức một con ngựa."
mãn-hạn,expiration du délai,滿限,Đủ hạn như làm việc gì hạn cho mấy năm đúng bấy-nhiêu năm thế là đủ hạn.
mãnh-liệt,grande force; violence,猛烈,"Mạnh lắm, mạnh dữ."
mãn-niên-hạn,expiration d'un terme,滿年限,"Trọn đủ hạn mấy năm đó, như cái điều-ước gì hạn bao nhiêu năm là hết, hoặc cái án giam cấm người ta hạn chừng ấy năm là tha, lúc hết hạn đó thời gọi là mãn-niên-hạn."
mẫn-tiệp,"actif, vigilant, diligent",敏捷,"Cần-mẫn, siêng năng, nhanh-nhẹn."
mãn-ý mãn-nguyện,"contentement, satisfaction",滿意滿願,Trong ý muốn sự gì mà được thoả thích sung túc.
mạo-hiểm,s'exposer à un danger,冒險,Xông pha sự nguy hiểm.
mao-ốc,chaumière,茅屋,Nhà gianh.
Mao-thi,,毛詩,"Tức là Kinh-Thi. Trong sách nói là Mao-công truyền Kinh-Thi nên gọi là Mao-thi. Nhưng Mao-công cũng không rõ là ai. Có sách nói là Mao Hanh 毛亨 người nước Lỗ, đời nhà Hán."
mạt-sát,"déprécier, critiquer à outrance",抹殺,Nói huỷ-khí người ta đi không cho người ta còn có giá-trị gì hết.
mật-thiết,intime; union,密切,"Thiết lắm, sát khịt vào."
mẫu-quốc,nation-mère; métropole,母國,Dân đi ở thuộc-địa gọi bản-quốc mình là mẫu-quốc.
mẫu-thống-chế-độ,régime du matriarcat,母統制度,"Đời xưa loài người mới sinh ra chưa có cưới gả, con đẻ ra chỉ biết có mẹ chứ không biết cha, cách-thức loài người ta ăn ở với nhau lúc bấy-giờ gọi là Mẫu-thống-chế-độ."
mâu-thuẫn,s'opposer (comme la lance et le bouclier); ne pas s'accorder,矛盾,"Cái đinh-ba và cái mộc, cái đinh-ba thì dùng để đâm cái mộc thì dùng để che đỡ, ý nói hai đàng không hợp nhau."
mệnh-ý,"volonté, intention; indique l'idée principale (à développer)",命意,Chủ ý định bảo sai khiến như thế nào; chỉ bầy cái ý chính.
mĩ-đàm,"trait, anecdote remarquable",美談,"Việc nhiều người truyền-thuật, lấy làm có hứng-vị."
mĩ-diệu,"beauté, perfection",美妙,"Đẹp, khéo, tuyệt đẹp."
miệt-thị,regarder avec mépris; traiter avec dédain,蔑視,"Coi khinh rẻ, bỉ bạc."
miêu-tả,"peindre, représenter",描寫,"Mạc ra, vẽ ra cho giống như hệt."
mĩ-nghệ,beaux-arts,美藝,Những nghề khéo đẹp.
minh-chủ,arbitre,盟主,"Người đứng giữa, hai bên bầu lên để phân-giải một việc; các nước hợp nhau kết ước, có một người hay một nước làm chủ để điều-đình phân-xử công-việc."
minh-chứng,prouver clairement; preuve eclatante,明證,Cái chứng có rõ ràng.
minh-mẫn,actif et éclairé,明敏,"Thông-minh nhanh-nhẹn, người có tư-chất tốt."
minh-sướng,clair et facile,明暢,"Rõ ràng, sáng nghĩa nghe dễ hiểu."
mĩ-tác,œuvre artistique,美作,Cuộc tạo tác khéo.
mĩ-thuật,"art, artistique, esthétique",美術,"Nghề đẹp, nghề lấy sự đẹp làm cốt, nghề làm ra sự đẹp."
mộc-thạch,litt. arbre et pierre: insensible (comme un arbre ou un pierre),木石,"Cây đá, nói là người vô tình ít cảm."
mộ-hoài,nostalgie du soir; pensée du crépuscule,暮懷,"Chiều đến nhớ tưởng điều gì, sự gì, bụng cảm lúc chiều hôm."
mộng-du,voyager en rêve; voyager par l'esprit,夢遊,Nằm mơ đi chơi; đi chơi bằng tinh-thần.
mộng-tưởng,rêve; illusion,夢想,Tư tưởng mơ mòng.
Môn-la chủ-nghĩa,doctrine de Monroe,門羅主義,Môn-la (Monroe) làm tổng-thống nước Hoa-kỳ từ 1817 đến 1825. Xướng ra chủ-nghĩa không để người Âu-châu can-thiệp đến việc Mĩ-châu.
mô-phạm,modèle; norme,模範,Khuôn mẫu làm phép tắc cho người ta bắt chiếc.
mô-tả,"peindre, représenter",模寫,"Phỏng vẽ ra, hình-dung ra."
mục-hạ vô-nhân,littéralement: « ne voir personne sous ses yeux »; au figuré : mépriser tout le monde,目下無人,"Dưới mắt không có người, có ý khinh người không coi ai vào đâu."
mục-kích,voir de ses yeux; témoin oculaire,目擊,Mắt trông thấy rõ ràng.
mục-tiêu,"repérer, repérage d'artillerie",目標,"Độ con mắt nhìn. Về pháo-binh thì tiếng lấy mục tiêu, nghĩa là dùng thứ máy riêng mà đo, tính xem cái đích ở chỗ nào để cho súng bắn vào đấy."
mục-vịnh tiểu-ca,chant bucolique et pastoral,牧詠樵歌,"Những câu đồng-giao của đứa chăn trâu, và câu hát của người kiếm củi."
muộn-hứng,"tristesse, mélancolie",悶興,Buồn không có hứng thú gì.
nam-châu,le pays du sud; le pays d'annam,南州,Cõi đất phương Nam.
nam-huân,vent tiède du sud,南薰,Gió nồm hoà ấm; tích xưa có khúc đàn Nam-Huân của vua Ngu-Thuấn.
Nam-Kha,,南柯,"Xưa có người nằm chơi ở mé nam dưới gốc cây, chợp ngủ đi thấy có lâu đài vua quan cực đẹp, sực tỉnh dậy thì ra vẫn nằm ở dưới gốc cây, bên cạnh có một tổ kiến. Nghĩa bóng chỉ sự phú-quí ở đời không được bao lâu, chẳng qua cũng là một giấc Nam-kha."
nam-song,fenêtre tournée vers le sud,南窗,Cửa sổ trông về hướng Nam.
nam-thanh-nữ-tú,"hommes distingués, femmes belles",男清女秀,Giai thanh gái đẹp.
não-cân,puissance nerveuse; intelligence,腦筋,"Gân óc con người ta, có tính nhớ và tính suy nghĩ, hay là cảm giác mà biết được."
não-lực,"puissance nerveuse, intelligence",腦力,"Sức óc, tức là trí-khôn."
nệ-cổ,"attaché au passé, à la tradition",泥古,"Chấp mê thói cũ, quá theo thói xưa không bỏ."
ngạc-nhiên,"etonnement, stupeur",愕然,Ngơ ngác lấy làm lạ.
ngạnh-khái,grandes lignes; grosso-modo,梗概,"Đại-khái, điều cốt-chính."
ngạnh-trực,"droit, inflexible, juste, opiniâtre",硬直,Người tính thẳng không chịu luồn lỏi.
ngẫu-hứng,"plaisir passager, inspiration d'un moment",偶興,"Thú vui ngẫu nhiên, cảm-hứng một lúc."
ngẫu-nhiên,par hasard,偶然,Bất thình lình.
nghệ-thuật,arts et métiers; art (par opposition à métier),藝術,"Nói gồm các công-nghệ, các phương-thuật thuộc về thực-nghiệp; chỉ những nghề cao-nhã, nghề chơi bời, đối với nghệ-nghiệp là nghề sinh-nhai."
nghĩa-lợi-lưỡng-toàn,qui satisfait à la fois au devoir et à l'intérêt,義利兩全,Việc gì vừa có nghĩa vừa có lợi hai đằng trọn-vẹn cả.
nghĩa-lý,"qui est conforme à la justice, à la raison",義理,Cái gì nói ra mà có nghĩa có lễ phải.
nghĩa-sư,"troupes combattant pour la justice, troupes volontaires",義師,Quân lấy nghĩa mà đi đánh người ta.
nghĩa-vụ,devoir,義務,Chỉ cái công việc của người ta ở trong xã-hội phải làm cho trọn. Về pháp-luật thì nghĩa là trách-nhiệm phải nên làm.
nghi-biểu,modèle,儀表,"Cái gì đáng làm mẫu, đáng người ta bắt trước."
nghịch-thuyết,paradoxe,逆說,Nhời bàn ngược lại nhẽ thường.
nghịch-ý,"faire, dire une chose contraire à l'opinion commune; paradoxe",逆意,"Trái-ý, nói cái gì làm cái gì mà làm cho người ta trái-ý."
nghiêm-luật,etat de siège,嚴律,"Lúc nguy-hiểm như khi chiến-tranh đặt luật riêng, nghiêm-khắc hơn khi thường, giao quyền quan văn cho quan võ."
nghiên-tinh đàm-tứ,pénétrer profondément par la pensée,研精覃思,"Nghiền ngẫm, suy nghĩ cho chí rộng, chí sâu."
nghiêu-hãnh,"intrigue, intriguer, intrigant",僥倖,"Cầu-cạnh, luồn-lỏi, chạy chọt để được việc gì."
nghi-gia,bonne conduite d'une femme (dans la famille de son mari),宜家,Đàn bà về nhà chồng ăn ở tử-tế.
nghị-luận,discuter sur une question,議論,"Bàn nói điều gì, hay vấn-đề nào."
nghị-lực,"energie, vigueur; volonté ferme",毅力,"Sức kiên-nhẫn, mạnh-bạo."
nghị-sự,délibérer,議事,Bàn việc.
nghị-tràng,siège d'une assemblée délibérative,議場,Chỗ họp nhau lại mà bàn định việc gì.
nghi-vấn,interroger sur un point douteux,疑問,Hỏi sự nghi-ngờ chưa biết rõ.
nghi-vọng,espérer une chose qu'on n'est pas sûr d'avoir,疑望,Bụng trông mong không lấy làm chắc.
ngoạ-giải,"se désagréger (comme des tuiles et des briques qui ne se tiennent plus entre elles et tombent); désunion, désorganisation",瓦解,"Ngói tan, nghĩa là không cùng lòng cùng sức nhau lìa ra mỗi người một ngả, tan tành ra như ngói vỡ."
ngoại-cảnh,monde extérieur; ambiance; milieu,外境,Cảnh ở bề ngoài mà mình cảm sức thấy.
ngoại-giao,diplomatie; diplomatique,外交,Sự giao thiệp với các nước ngoài.
ngoại-giới,le monde extérieur,外界,"Bên ngoài, những cái gì ở ngoài lại."
ngộ-cảnh,circonstance de la vie; ce qui arrive de bon ou de mauvais,遇境,Những cảnh người ta gặp phải ở đời.
ngộ-nhận,malentendu,誤認,"Nhận nhầm, hiểu sai không phải."
ngự-chế,"fait, composé par l'empereur (se dit d'une poésie, d'un morceau littéraire)",御製,Bài vua làm ra.
ngục-thất,"maison de détention, prison",獄室,"Nhà giam, nhà ngục."
ngự-giá,char impérial,御駕,Xe kiệu vua đi.
ngự-lãm,"vu, lu par l'empereur",御覽,Vua xem.
ngư-lôi-hạm,torpilleur,魚雷艦,Tầu bắn ngư-lôi. Ngư-lôi hay là thuỷ-lôi (torpille) là thứ trái phá dùng bắn nổ dưới nước.
ngụ-ngôn,"fable, apologue; symbole",寓言,"Lời nói bóng, truyện nói bóng mà ngụ ý khác."
ngưng-thần định-chí,"se recueillir, concentrer l'esprit (pour une méditation)",凝神定志,"Yên định tinh thần, ý chí để nghĩ việc gì."
ngưng-trệ,"gelé, obstrué; qui ne s'avance pas, qui ne progresse pas",凝滯,"Đọng lại mắc lại không được lưu-thông, không được tấn-tới."
ngược-đãi,traiter avec injustice; brutaliser,虐待,"Đãi tàn-tệ, trái lễ công bằng."
ngư-ông,vieux pêcheur,漁翁,Người già đánh cá.
ngư-phụ,"sampanier, pêcheur",漁父,"Người thuyền chài, người đánh cá."
ngũ-thường,les cinq vertus cardinales (dans l'ancienne morale chinoise),五常,"Năm đạo thường là: nhân 仁, nghĩa 義, lễ 禮, trí 智, tín 信."
nguy-cơ,crise,危機,"Lúc đương nguy-hiểm, lúc phải suy-vi."
nguyên-động-lực,force agissante,原動力,"Cái sức động trước tiên, rồi làm cho các cơ quan khác đều động lên cả. Cái thế lực mạnh."
nguyên-liệu,"matériaux bruts, matière brute (non travaillée)",原料,Vật liệu còn nguyên chưa chế tạo.
nguyên-thủ,chef d'etat,元首,"Ông đầu nước, vua hay là tổng-thống."
nguyên-thuỷ,"commencement, origine",原始,"Mới đầu, lúc khởi đầu."
nguyên-tố,principe; élément primordial; eléments (constitutifs),元素,"Cái nguyên chất cốt tử; chất sẵn có, chất mộc mạc. Nhân chất đó mà làm ra thành các chất khác được, nói bóng là cái phần cốt-chính nhân đó mà làm ra sự gì vật gì."
nguyên-toàn,"source, origine",源泉,"Cái nguồn cái suối, tức là chỗ gốc của cái việc gì bởi đó mà sinh ra."
nguyên-văn,texte original,原文,Nguyên bài văn của người trước làm.
nhân-công,œuvre de l'homme; art,人工,"Công phu người làm, hoặc tô điểm trạm vẽ thêm vào, cho khéo, cho đẹp."
nhân-dân,habitants d'un pays; population; le peuple,人民,Người dân trong một xứ.
nhân-gian,dans le monde des hommes,人間,"Gồm cả thế-gian, cõi người ta ở."
nhãn-giới,horizon,眼界,Cái giới-hạn của con mắt mình trông.
nhẫn-nại,endurance,忍耐,"Cố nhịn cố chịu, chịu thương chịu khó mà làm việc chẳng quản nhọc nhằn."
nhân-phẩm,dignité humaine,人品,Phẩm giá làm người.
nhân-quyền-tuyên-ngôn,déclaration des droits de l'homme,人權宣言,Nhời công-cáo về quyền làm người của chính-phủ cách-mệnh nước Pháp năm 1789.
nhân-thân,la personne humaine; soi-même,人身,Thân người ta.
nhân-tuần,se transmettre par la tradition; suivre la tradition,因循,Đời trước truyền lại đời sau theo.
nhân-vật hoàn-toàn,"homme complet, doué de toutes les qualités",人物完全,Hạng người có tài có đức trọn vẹn.
nhập-học,entrer à l'école; commencer ses études,入學,"Vào học, học-trò vào học trong trường."
nhập-thế,"qui entre dans le monde, qui vit dans le siècle; mondain, séculier (par opposition à xuất-thế: qui sort du monde, qui entre dans la vie religieuse)",入世,"Vào trong cuộc đời, nghĩa là người làm công việc với xã-hội, trái với xuất thế 出世 là những người đi tu đi ẩn, không gánh vác việc đời."
nhập-tịch,naturalisation,入籍,"Chính nghĩa là vào sổ, vào ngạch. Chữ này ta thường dùng để chỉ sự người bản-quốc vào làm dân tây."
nhất-ban,"généralité, totalité, ensemble",一般,"Nhất loạt, đại-thể, hết thảy."
nhất-đán,un jour; du jour au lendemain,一旦,Vụt có một ngày sẩy ra như thế.
nhất-diện,d'un côté; d'une part,一面,"Một mặt, một mặt thế này, một mặt thời thế kia."
nhã-thú,"charme, plaisir délicat, non vulgaire",雅趣,Thú thanh nhã không tục.
nhất-tề hoạt-động,mouvoir d'un même mouvement régulier et automatique (comme une machine),一齊活動,Cùng một loạt chuyển-động đều dặn như cái máy các bánh xe cùng chạy đều một loạt.
nhất-thiết,tout; la totalité; entièrement,一切,Hết thảy.
nhất-thống,réunion de plusieurs pays sous un régime politique; unité politique; empire,一統,"Gồm cả lại làm một, như một nước nhơn gồm nhiều nước nhỏ mà thành."
nhất-trí,uniformité,一致,"Giống-nhau, theo một cách, một thể-thức."
nhiệm-vụ,rôle,任務,Công việc thuộc về mình phải làm.
nhiệt-đái,"les tropiques, zone tropicale",熱帶,"Dải đất nóng, ở giữa khoảng mặt giời chiếu vào."
nhiệt-độ,température,熱度,Độ nóng.
nhiệt-tâm thiển-thức,"homme au cœur généreux, mais a l'esprit borné",熱心淺識,"Cái bụng nóng nẩy, kiến thức nông nổi."
nhiệt-thành,"enthousiasme, exaltation",熱誠,Lòng thành thực sốt-sắng vì một việc gì.
nhiệt-thành-khai-hoá,qui veut sincèrement instruire le peuple,熱誠開化,Thực lòng sốt-sắng mở-mang sự giáo-hoá cho người ta.
nhiễu-loạn,trouble; désordre,擾亂,Làm rối loạn.
nhiễu-loạn trật-tự,"troubler l'ordre, la sécurité",擾亂秩序,"Làm rối loạn thứ bậc, rối loạn sự yên ổn."
Nhị-Nùng,"fleuve nhi (fleuve rouge) montagne nùng, (deux lieux célèbres de l'ancien hanoi)",洱濃,"Núi Nùng, sông Nhị là danh-thắng Hà-nội."
nho-lâm,"litt. la forêt des lettrés; le monde lettré, le monde littéraire",儒林,"Rừng nho, nghĩa là trong một đám rặt những người học-hành văn-chương giỏi."
nho-nhã phong-lưu,"manière distinguée, aristocratique",儒雅風流,Là cách người văn-nhân tài-tử.
nhỡn-kiến,œil; point de vue,眼見,"Mắt trông ; cái cách trông, cách xét."
nhỡn-tuyến,"point de vue; rayon visuel, regard",眼線,"Chính-nghĩa là cái «giây mắt», chỉ con mắt riêng để xét một sự gì; tia sáng của con mắt."
nhục-thể,"corps, corporel",肉體,"Hình-thể, xác-thịt (đối với linh-hồn)."
như-lai,un des noms du bouddha,如來,"Tên hiệu Phật. Kim-cương-kinh nói rằng: Phật vốn không đâu lại, mà không đi đâu, nên gọi là Như-lai. Lai theo sách Đạo-viện-tập thì nghĩa chữ Như-lai là: vốn biết gọi là như, hiện biết gọi là lai (本覺爲如, 今覺爲來). Tên Ấn-độ là Tathagata."
nhũng-nhiễu,"vexer, commettre des abus, des vexations",宂擾,"Quấy rối, hà hiếp lấy tiền của của người."
nhu-nhược,"faible, irrésolu, incapable",柔弱,"Mềm yếu, nhù nhờ, không cương quyết."
nhượng-bộ,concession réciproque,讓步,"Nhường bước, hai bên chịu nhường nhịn nhau."
niên-hạn,limite d'âge,年限,"Hạn năm, định một hạn là mấy năm."
niên-hiệu,titre de période; nom de règne; date,年號,"Đặt ra một cái hiệu gì để ghi-nhớ lấy năm trước năm sau, như ta thời lấy hiệu các vua năm mấy năm mấy làm niên-hiệu, Tây thời lấy Thiên-chúa giáng-sinh năm thứ mấy làm niên-hiệu."
nội-cảnh,"monde intérieur; domaine de la pensée, de l'entendement",內境,"Cảnh ở bề trong, ở trong lòng mà mình tự-tưởng biết."
nội-tâm-quan-sát,observation psychologique; observation intérieure; introspection,內心觀察,"Xem xét trong cái tâm-thể con người ta, biết được hết những chỗ sâu kín ở trong bụng người ta."
nội-thuộc,dépendre politiquement de,內屬,Nước nọ phải lệ thuộc vào nước kia cai-trị.
nô-lệ,esclave; esclavage,奴隸,Kẻ làm đầy-tớ người ta mà cả tính-mệnh tài-sản của mình phải thuộc quyền vào người ta hết thảy.
nông-gia,agriculteur,農家,Nhà làm ruộng.
nông-phố-học-vấn,"science agricole, horticole",農圃學問,"Sự học về nghề làm ruộng, làm vườn."
nông-tang,l'agriculture et la culture du murier (élevage des vers à soie),農桑,Nghề làm ruộng giồng dâu.
nữ-công,travail de femme,女工,"Công-việc của người con gái phải làm như may, thêu, nấu, nướng, v. v.."
nữ-học-đường,ecole de filles,女學堂,Trường học dạy con gái.
nữ-nhi,"fille, femme, le sexe faible",女兒,"Người đàn bà, con gái."
nữ-sĩ,"jeune fille, femme cultivée, femme lettrée",女士,Người con gái có học hay chữ.
nữ-sử,femme lettrée,女史,Người đàn bà văn thơ chữ nghĩa giỏi.
nữ-tắc,règles d'éducation des filles,女則,Phép tắc dạy đàn bà con gái.
oanh-oanh liệt-liệt,se dit d'une ardeur héroïque ou d'une grande puissance,轟轟烈烈,"Nói công nghiệp hiển-hách lừng-lẫy hoặc là khí-thế mạnh-tợn gớm-ghê, ai cũng phải sợ."
phả-cập,"se répandre partout, atteindre tout le monde",普及,"Rộng khắp, kịp đến cả mọi nơi."
phẩm-đích,qualitatif,品的,"Thuộc về phẩm. (Phàm tiếng bằng chữ nho có chữ đích theo sau là thường để chỉ như trong mẹo tây gọi là forme adjective. Như «lượng» (quantité), «lượng đích» (quantitatif), «phẩm» (qualité), «phẩm-đích» (qualitatif) v. v..)"
phạm-vi,"domaine (d'une science, d'un art)",範圍,"Chính nghĩa là cái khuôn, cái vòng. Thường dùng để chỉ cái bờ cõi, cái khu-vực của một môn học, một nghề, v. v."
phản-bội,"trahir, trahison",反背,"Làm trái hẳn đi, phản đối lại."
phản-động,"réagir, réaction",反動,Bị kích-động mà vận-động đối lại.
phản-kích,contre-attaque,反擊,"Bị công-kích, quay lại đánh giả."
phân-liệt,"partage, division, désunion",分裂,"Chia xé ra từng miếng, nói về nhân-quần thi là không có đoàn kết với nhau, nói về đất nước thì là không được toàn vẹn bị xẻ lẻ từng nơi."
phân-loại,classification,分類,"Chia ra từng loài, từng giống."
phấn-nhiên,"résolument, avec ardeur, avec enthousiasme",奮然,"Phấn chấn, quyết làm sự gì."
phân-tích,"analyse, méthode analytique; géométrie analytique; analyse mathématique",分析,"Phép bắt đầu tự nhơn mà xét đến nhỏ, phân tách các nhẽ để xét kỹ từng phần. (Đối với tổng-hợp.) Hay là « Giải-tích-kỷ-hà-học » 解析幾何學, là môn học lấy phép tính của đại-số-học mà nghiên cứu những nhẽ của kỷ-hà-học."
phản-ứng,réaction; réagir. réflexe,返應,"Ứng ngược trở lại, phàm cái động lực gì, phát ra một đằng, tất khiến cái động lực khác phản ngược lại."
phản-xạ,réflexe; réflexion de la lumière,反射,"Bắn lại, nói vào ánh sáng khi nó dọi vào một chỗ rồi ở chỗ ấy nó lại dọi lại."
pháo-binh,artillerie; soldat de l'artillerie; artilleur,砲兵,"Quân dùng súng đại-bác; lính pháo-thủ, lính giữ súng."
pháo-đội,batterie (d'artillerie),砲隊,Một đội pháo-binh có mấy khẩu súng nhơn cùng quân phục dịch.
pháp-học,etude du français; culture française,法學,Học chữ Lãng-sa.
pháp-môn,"la porte de la loi (terme bouddhique); la voie du bonheur, de la vertu",法門,"Cửa phép, điển kinh Phật lấy từ-bi quảng-đại là cái cửa đi theo đó mà được phép Phật nên gọi là cửa phép, dùng rộng ra là làm việc gì có một cái cách thức làm theo như thế thời nên được việc cũng là Pháp-môn."
phá-thiên-hoang,"ouvrir la voie; entreprendre une œuvre toute nouvelle, qui n'a jamais été réalisée encore (expression chinoise)",破天荒,"Vỡ đất hoang của giời, ý nói việc gì mới bắt đầu làm trước, chưa bao giờ có."
phát-hoàn,"rendre, rembourser",發還,Giả tiền lại.
phát-huy,"développer, manifester",發揮,"Mở rộng thêm ra, làm cho to thêm, làm cho rõ thêm một cái học-thuyết nào, một cái đạo-lý nào."
phê-bình,critique,批評,"Môn học riêng chủ sự bình-phẩm xét đoán các sách văn-chương, triết-học, v. v.."
phê-phán,"critiquer, juger",批判,"Bình-phẩm, xét-đoán, đoán-định."
phiền-toả triết-học,philosophie scolastique,煩瑣哲學,Triết-học học tỉ-mỉ vụn-vặt. Triết-học đời Trung-cổ.
phiến-văn chích-tự,"litt. un mot, un fragment de texte (le peu de chose qui subsiste des œuvres littéraires du passé)",片文隻字,"Từng mảnh văn, từng chữ một, ý nói những văn tự ngày xưa còn lại một chút một đỉnh."
phiệt duyệt,"grande famille, famille de mandarins",閥閱,"Chính nghĩa là viết công-trạng vào bảng mà cheo ra cửa. Cửa tả gọi là phiệt, cửa hữu gọi là duyệt. Sau dùng rộng nghĩa thì chỉ những nhà danh-giá có công với quốc-gia."
phiêu-lưu,"aventures, odyssée",飄流,"Nói về cảnh giang-hồ, lưu-lạc."
phi-mệnh (chết),"mort malheureuse par suite d'un accident, etc (par opposition à une mort naturelle)",非命,"Không phải mệnh số, nghĩa là chết oan, mạng số chưa đáng chết, hoặc chết về gươm giáo, hoặc chết về nước lửa v. v."
phi-phàm,qui n'est pas ordinaire; au dessus du commun,非凡,Không phải tầm thường.
phi-thường,extraordinaire; hors du commun,非常,"Chẳng phải thường, nói về người là người giỏi hơn mọi người mà nói về việc là việc khác việc thường."
phổ-biến,répandre partout,普遍,Khắp cả mọi chỗ.
phôi-thai,"début, commencement ; époque embryonnaire",胚胎,"Lúc mới bắt đầu, mới sinh ra, mới thành-thai."
phong-hoá suy-đồi,décadence des mœurs,風化衰頹,"Phong tục, giáo hoá suy nát, hư hỏng."
phong-nhuệ,fin ; finesse,鋒銳,"Nhọn, sắc, sắc sảo."
phóng-pháo,"bombarder, bombardment",放砲,Bắn đại-bác vào một nơi nào.
phong-phú,"riche, fécond",豐富,"Giầu nhiều, dồi dào."
phóng-sự-viên,correspondant (d'un journal); « reporter »,訪事員,Người đi dò việc để thông tin cho một tòa báo.
phong-thú,"charme, grâce",風趣,Ý-vị thanh-tao.
phong-trào,"courant, mouvement (d'idées, d'opinion)",風潮,Chính nghĩa là gió với sóng. Nghĩa rộng là chỉ cái sức mạnh của thời-thế nó cuốn người ta đi như gió với sóng vậy.
phồn-thịnh,florissant et prospère,繁盛,Chỗ đông-đúc thịnh-vượng.
phúc-âm (kinh),évangile,福音經,"Sách tin-lành, kinh thuật nhời đức Gia-tô cùng các tông-đồ."
phủ-chính,"retoucher, reviser",斧正,"Chữa lại, sửa đổi lại."
phục-hồn,"evoquer, rappeler, éveiller l'esprit",復魂,Chiêu hồn mà gọi cho tỉnh lại.
phục-tòng,soumission; obéissance,服從,"Phục theo không dám cưỡng, không dám trái nghịch."
phú-dữ,"donner, répartir; don de la nature, inné",賦與,Nói về giỏi bẩm-sinh cho cái tinh gì.
phụ-hạ,porter le fardeau de l'etat (se dit du souverain),負荷,Nói về vua phải gánh vác công việc nhà nước.
phùng-nghênh,flatter ses supérieurs pour s'attirer leurs bonnes grâces,逢迎,Đón rước ; nịnh nọt người trên để cầu-cạnh được tiến đạt.
phương-châm,"règle, critérium",方針,"Cái kim chỉ phương-hướng, cái phương hướng, cái phép tắc nhất-định."
phương-hại,"nuire, porter atteinte a...",妨害,"Ngăn cản, làm hại, làm cho hỏng việc người ta."
phương-sách,moyen; procédé; méthode,方策,"Phương pháp, mưu chước."
phù-phiếm,superficiel; léger; fantaisiste; dénué de profondeur,浮泛,"Bồng bềnh, nông nổi, phỏng-phiếm, không thực không chắc chắn."
phù-quyết,talisman; secret qui fait réussir,符訣,"Bùa dấu, nghĩa bóng dùng là một cái điều trọng-yếu nhất trong cái việc mình làm phải có cái ấy thời mới làm nên được."
phụ-tài giải-uẩn,qui donne la prospérité et dissipe les tristesses (eloge du vent du sud par l'empereur thuấn),阜財解慍,"Nhờ ngọn gió nam mà làm cho dân được giầu của giải giận, đó là nhời bài ca của vua Thuấn trong sách Ngu-đế."
phụ-thuộc,accessoire; dépendance,附屬,"Phụ thêm, thuộc về một việc gì không phải là phần chính."
phù-trầm,viscissitudes de la forme,浮沉,"Khi nổi khi chìm, ý nói lênh-đênh vất vả."
phụ-tướng,excellente maîtresse de maison,婦相,"Người đàn bà giúp chồng mà coi sóc việc nhà cũng như một người tướng trong nhà, khác nghĩa chữ phụ-tướng 輔相 là giúp-giặp."
Quách Phác,,郭璞,"Người huyện Văn-hỉ 聞喜, nhà Tấn 晉. Tự là Cảnh-thuần 景純. Người học rộng tài cao. Về nghề từ-phú đứng đầu đời Đông Tấn. Lại giỏi những thuật bói toán, tính lịch, xem số, đoán thường ứng nghiệm. Nghề thuật số làm giảm mất tài văn học. Sau bị người Vương Đôn 王敦 giết."
quắc-thước,vigoureux et brave; tempérament chevaleresque,矍鑠,"Mạnh mẽ, có vẻ hùng-dũng."
quá-dự,eloge exagéré,過譽,"Khen quá nhời, không được thực."
quái-đản,"fabuleux, fantastique",怪誕,"Việc kỳ-quái, không thực."
quá-khứ,"passé; qui est passé, qui a fait son temps; suranné; le passé",過去,"Nghĩa cũng giống chữ ký-vãng, mà chỉ cái đã qua đi rồi; bước đã qua rồi, việc đã trải, thời kỳ về trước."
quân-bị,préparatifs militaires,軍備,Những sự phòng bị thuộc về việc quân.
quân-bình,équilibre,均平,"Ngang nhau, bằng nhau."
quân-dân cộng-chủ,monarchie constitutionnelle,君民共主,"Cách chính-trị vua có quyền mà dân cũng có quyền. Vua cùng dân cùng giữ chủ quyền trong nước, tức là chính thể lập-hiến 立 憲 như nước Anh, nước Nhật."
quân-doanh,camp; armée,軍營,Nơi quân đóng ; trong chốn quân đội.
quang-học,optique,光學,Học về ánh sáng.
quảng-khoát,"ampleur, vastitude; étendue",廣闊,"Rộng rãi, mênh-mông."
quảng-mạc,"vaste, immense",廣漠,Rộng mông mênh.
quan-hệ,"rapport, relation, connexion",關係,"Chỉ cái mối, cái nhẽ tương-can của sự nọ với sự kia, vật nọ với vật kia, như xét một việc tìm xem nó có dính dáng gì với việc khác không, thế gọi là tìm cái mối quan-hệ của hai việc với nhau. Chớ lẫn quan-hệ với quan-trọng."
quan-liêu,les fonctionnaires,官僚,Hàng các quan.
quân-luật,loi martiale,軍律,Lúc đại nguy-hiểm dùng phép quân mà chừng-trị kẻ làm loạn.
quan-niệm,"idée, conception, notion",觀念,"Sự suy-nghĩ, tư-tưởng, ngẫm xét riêng về một việc gì ra thế nào."
quan-phong,litt. observer les moeurs; voyage accompli par le roi à travers le pays pour observer les moeurs,觀風,"Đi xem xét phong-tục các nơi, đời xưa cử năm năm Thiên-tử đi tuần-thú một lần khắp bốn phương để xem xét phong-tục của dân-gian."
quân-quốc-chủ-nghĩa,militarisme,軍國主義,Chủ-nghĩa chỉ lấy võ-lực đi xâm chiếm các nước khác.
quan-sát,"observer, observation",觀察,"Xem xét, suy xét, nghiệm kỹ để giải lấy nhẽ."
quân-sự cố-vấn,conseiller militaire,軍事顧問,Người mưu sĩ dùng để hỏi han về việc quân.
quân-thiên,chant qui se chante dans la lune (d'après la légende chinoise),鈞天,Khúc hát trên cung giăng.
quan-trọng,important,關重,Việc có quan-hệ trọng lớn lắm.
quan-tuyển,fonctionnaire nommé par le gouvernement (par opposition à dân tuyển: élu par le peuple),官選,Quan lựa chọn mà đặt cho người nào làm thì làm; đối với chữ dân tuyển 民選 là tự dân lựa chọn với nhau.
quân-xưởng,usine de guerre,軍廠,Xưởng chế đồ quân-khí.
qua-phân,partager le territoire d'un pays comme on coupe un melon,瓜分,"Chia ra như cắt quả dưa, ý nói một nước một đoàn-thể bị chia lìa ra từng miếng một."
quả-quyết,résolu; résolument,果決,"Làm cái gì nhất-định quyết-đoán mà làm, không có do-dự."
quệ,"trébucher, tomber; être battu a ne pouvoir plus se relever",蹶,"Què, dùng rộng nghĩa là đánh cho không thể cự lại được nữa, hay là bị thua không thể nhoi lên được."
qui-củ,"modèle, règle, forme",規矩,"Qui là cái khuôn để làm ra thức tròn, củ là cái khuôn để làm ra đồ vuông, nghĩa là cái khuôn phép phải theo."
qui-định,"régler, réglementer",規定,Đặt ra điều lệ sẵn nhất định như thế này thế khác để cho người làm việc ấy phải theo.
qui-khứ,retour au village natal (d'un fonctionnaire qui s'est retiré de la vie publique),歸去,"Đi về, ông Đào-Tiềm tên tự là Uyên-Minh làm quan ở đời Tấn, khi bỏ quan về nhà có bài hát « Qui khứ lai từ » 歸 去 來 辭 để tả cái cảnh thôi quan về nhà."
qui-mô,"modèle, règle, norme; plan",規模,"Khuôn phép, mẫu mực."
qui-nạp-pháp,induction,歸納法,Phép nhân những việc riêng gồm lại một nhẽ chung.
qui-ninh,se dit d'une femme mariée qui revient voir ses propres parents,歸寧,Người đàn bà đi lấy chồng về thăm nhà cha mẹ mình.
qui-phụ,"dépendre de..., se soumettre a..., s'annexer a...",歸附,"Theo về, xin phụ thuộc."
quốc-bộ,état d'un pays (au point de vue de la tranquillité ou de la prospérité générale),國步,"Vận nước, cái bước nước mình phải lúc nguy hay ở lúc thịnh. Nói nôm thường dịch là « bước nước »."
quốc-ca,chant national,國歌,"Bài hát của cả một nước, khi trong nước có khánh-điển hay yến-hội gì thì hát."
quốc-gia đa-cố,moment de trouble; moment où le pays est en proie à de grandes difficultés,國家多故,"Nước nhà nhiều việc biến cố, lúc nước loạn, gặp buổi nhiễu-nhương."
quốc-hồn,"âme nationale, conscience nationale",國魂,"Hồn một nước, tức là cái phần thiêng-liêng nó làm gốc cho sự sinh-hoạt trong nước, cũng như người phải có thần hồn thì mới có tri-giác mà sinh hoạt được."
quốc-nạn,malheur national,國難,Sự tai nạn chung của một nước.
quốc-phong,tradition nationale; chansons populaires,國風,Tập tục riêng trong nước; điệu thơ ca của riêng từng nước một.
quốc-sắc,litt. beauté nationale: femme d'une grande beauté,國色,Người đàn bà có sắc đẹp ở trong nước hiếm có.
quốc-sĩ,litt. lettré national: homme de grand talent,國士,Người giỏi nhất trong nước.
quốc-tế công-pháp,droit international public,國際公法,Phép công của các nước trong khi giao-thiệp với nhau.
quốc-tế hợp-nghị,entente internationale,國際合議,Tờ ước nghị các nước với nhau.
quốc-tế-chủ-nghĩa,"internationalisme, internationaliste",國際主義,"Chủ-nghĩa coi nước mình cũng như các nước khác, không phân biệt quốc-gia, dân-tộc."
quốc-tuý,esprit national; esprit d'un peuple; patrimoine spirituel d'un peuple,國粹,"Phần tinh-hoa, tốt đẹp trong một nước; những sự tinh-tuý của một nước, như là những điều phong tục hay, những câu ca-dao, văn-chương hay của nước mình."
quyền-lĩnh,charge intérimairement d'une fonction,權領,Tạm nhận làm cái chức việc gì.
quyền-lợi đặc-thù,privilèges spéciaux,權利特殊,Chiếm giữ lấy quyền lợi riêng.
quyết-chiến,bataille décisive,決戰,Trận đánh quyết phân thắng bại.
sắc-chiếu,"ordonnance, rescrit impérial",敕詔,Tờ sắc lệnh chiếu chỉ của vua.
sách-lệ,"encourager, exciter",策勵,"Khuyên dăn, cố gắng, làm cho cố lên."
sa-mạc,désert (de sable),沙漠,"Bãi cát mênh mông, không có người vật."
sáng-lập,"fonder, créer",創立,Bắt đầu gây dựng lên trước.
sáo-ngữ,formule consacrée,套語,"Nhời nói xưa nay người ta thường nói, nhời dùng sẵn đã quen."
sắt-cầm,litt. guitare et piano. au figuré. mari et femme,瑟琴,"Tên hai cái đàn của Tàu, tiếng hoà với nhau, nghĩa bóng là vợ chồng hoà hiệp."
sát-hạch,"examiner, reviser, controler",察核,"Xét xem, hạch xem có thực không."
siêu-nhân-loại,surhumain,超人類,"Cao hơn, giỏi hơn cả loài người."
siêu-việt,"relevé, supérieur, transcendant",超越,"Vượt cao, xa-cách nhẽ thường."
sinh-kế,moyen d'existence,生計,Cách làm ăn sinh nhai.
sinh-ly,séparation cruelle,生離,Còn sống mà phải lìa nhau.
sinh-lý-học,physiologie,生理學,Học về cái nhẽ sinh-hoạt của các vật sống.
sinh-sản,engendrer; produire,生產,Sinh nở ra một ngày một nhiều.
sinh-thành,mettre au monde et élever,生成,Đẻ nuôi cho nên người.
sinh-tồn,"vivre, exister",生存,Sống còn ở đời.
sinh-tồn-cạnh-tranh,la lutte pour la vie,生存競爭,Phép tranh nhau lấy sống.
sĩ-phu,classe cultivée; classe dirigeante,士夫,"Bọn có học-hành, khôn biết hơn người; bọn thượng-lưu."
soạn-kịch (nhà),auteur dramatique,撰劇,Người soạn tấn tuồng bài hát.
sở-hữu-quyền,la propriété (ce qu'on possède),所有權,"Cái quyền của mình được có, thi-dụ như cái thân-thể mình, của riêng mình, không ai được xâm-phạm đến."
sở-kiến,ce qu'on voit; chose vue,所見,"Cái điều mình thấy, mình biết."
song-thân,les deux êtres chers (son père et sa mère),雙親,Hai đấng thân sinh ra cha mẹ.
sở-nguyện,"ce qu'on souhaite, ce qu'on désire; vœu",所願,Cái mà mình ước mình muốn.
sơ-thảo,"brouillon, projet",初草,"Bản thảo trước, bản thảo đầu."
sư-đoàn,division (d'armée),師團,"Gồm các quân-đội ước chừng hai vạn người, có một viên đại-tướng coi."
sử-liệu,"matériaux pour l'histoire, documents historiques",史料,Tài liệu để làm sử.
sùng-bái,vénérer,崇拜,Tôn chuộng kính lạy.
sung-mãn,"plein, rempli",充滿,Đầy khắp không chỗ nào hở không chỗ nào không đến.
sùng-phụng,vénérer,崇奉,Tôn chuộng kính thờ.
sung-tắc,"plein, rempli",充塞,Đầy lấp cả mọi nơi.
sùng-trọng,"respecter, vénérer",崇重,Tôn-trọng.
sư-phạm độc-đoán,pédagogie dogmatique,師範獨斷,"Lối dạy học bó buộc người ta phải theo phép tắc nhất định, không đề cho tinh thần được tự-do suy xét."
sư-thân tượng,sphinx,獅身像,"Tượng hình đầu người, mình sư-tử."
sự-vật,les choses,事物,"Mọi việc, mọi vật."
suy-diễn-pháp,déduction,推演法,Phép nhân một nhẽ chung suy rộng ra nhiều việc riêng.
suy-loại,"raisonner, déduire par analogie",推類,Nhân giống nhau mà suy rộng sự này ra sự khác.
suy-lý,raisonner; par le raisonnement,推理,Suy tìm cho ra nhẽ phải.
suy-ức,"estimer, préjuger, procéder par hypothèse",推臆,"Suy lường, ước lượng."
tác-hợp,union providentielle de deux êtres qui s'aiment,作合,Tự duyên giời làm cho hai bên giai gái hợp nhau làm vợ làm chồng.
tái-bản,nouvelle édition (d'un livre),再版,In lại một lần nữa.
tài-liệu,eléments; matériaux,材料,"Những vật liệu có thể làm nên được đồ dùng, như là loài gỗ để dùng làm nhà cửa đồ đạc."
tài-nguyên,"source de richesses, source de revenus",財源,"Nguồn tài sản, cái gì sinh ra nhiều lời lãi."
tái-tạo,"reconstitution, rénovation",再造,Dựng thành lên lần thứ hai.
tạ-khẩu,chercher un prétexte; prétexter,藉口,"Mượn truyện mà nói cho trôi mồm, hay là vin lấy một lễ gì mà nói."
tạ-khẩu-thoái-thác,chercher un prétexte pour refuser,藉口退託,Tạ truyện khác để từ chối.
tâm-cảnh,"le monde intérieur, la vie intérieure; pensées et sentiments",心境,Cảnh tượng trong lòng người ta.
tâm-đầu,union de cœur,心投,Bụng hai người hợp ý nhau.
tam-đoạn-luận,syllogisme,三段論,"Phép lý-luận có ba đoạn. Ba đoạn liên tiếp với nhau, đoạn dưới là « kết-luận » (conclusion) thì do đoạn trên là « tiền-đề » (majeure) nhân đoạn giữa là « trung-đề » (mineure) mà suy ra. Thí-dụ như câu : người ta ai cũng phải chết (thế là tiền-đề) ; anh là người (thế là trung-đề) ; vậy thì anh cũng phải chết (thế là kết-luận)."
tâm-giới,âme; milieu psychique,心界,Phần hồn ; phần thuộc về tâm thần người ta.
tâm-huyết,"dépenser tout son coeur, tout son sang pour une chose; faire une chose de tout son coeur",心血,Làm việc gì hết sức mình không quản gì đau khổ cả.
tâm-khảm,au fond du cœur,心坎,"Lỗ tim, nghĩa là chỗ sâu trong bụng người ta."
tâm-lý-học,psychologie,心理學,Học về các nhẽ trong tâm-tính người ta.
tâm-não,"esprit, cœur",心腦,Trí khôn và lòng nghĩ.
tâm-thuật,sentiments qui inspirent la conduite,心術,Cách trong bụng ăn ở thế nào.
tàn-biên đoạn-giản,vieux livres; volumes dépareillés,殘編斷簡,Sách cũ đã rách nát.
tang-tử,litt. le mûrier et le jacquier: le pays natal,桑梓,"Cây dâu cây thị, nói chỗ quê hương cha mẹ mình sinh dẻ mình ra."
tân-hoá,"la culture, la civilisation nouvelle",新化,Sự giáo-hoá mới.
tán-mạn,"epars, dispersé",散漫,Tan rời ra mỗi cái mỗi nơi.
tận-tuỵ,s'efforcer; déployer toutes ses énergies,盡瘁,Làm cố hết sức.
tản-vân,nuage épars,散雲,Mây tan.
tản-văn,prose courante,散文,Là lối văn xuôi.
tao-khách,homme distingué; poète,騷客,Người thanh tao phong nhã có tiếng văn thơ.
tạo-thành,"créer, fonder",造成,"Làm thành ra, gây dựng ra."
tập-chí,,集誌,"Là quyển sách biên chép những bài văn, bài học thuyết cùng những truyện có ích mở trí được cho người ta, xuất-bản có kỳ cũng như lối báo."
tập-hợp,concentration (des troupes),集合,Về binh-pháp nghĩa là họp các quân-đội ở mọi nơi vào một chỗ để đặt thế công thế thủ.
tạp-trở,"variétés (rubrique d'une revue, etc.)",雜俎,"Nghĩa đen là cái bàn bày các đồ ăn vặt, tức là chỗ chép các bài vặt."
tả-thực,"peinture d'après nature, peinture réaliste",寫實,"Vẽ theo thực, chủ lấy như thực."
tế-bào,cellule (organique),細胞,"Cơ-quan nhỏ nhất trong da thịt các giống sinh-vật, hình như cái bao đựng các chất nước."
thái-ấp,"fief, domaine (d'un seigneur)",采邑,Phần đất riêng của mỗi nhà qui-tộc ngày xưa.
thái-đẩu,littéralement: la montagne thái-sơn et l'étoile polaire; au figuré: le plus grand génie d'une époque,泰斗,"Núi Thái-sơn, sao Bắc-đẩu, người ta thường mượn mà nói ví như người tài nhất trong một thời."
thái-độ,attitude,態度,"Cái vẻ, cái dáng, cái cách mình đối với ai, hoặc đối với một sự một vật gì."
tham-bác,"mélanger; concerter, confronter",參駁,"Xen lẫn vào, cái nọ tham-bác với cái kia."
tham-dục,"ambition, désir exagéré",貪慾,Lòng tham muốn vô cùng.
thám-hiểm (đội),exploration ; expédition (d'explorateurs),探險隊,"Bọn người đi thám xét những nơi hiểm trở, đất xa xôi."
thảm-kịch,"drame, évènement tragique",慘劇,Việc xẩy ra sầu thảm.
thâm-nhập,pénétrer profondément,深入,"Vào sâu, thấm-thía vào sâu lắm."
tham-quan,assister à...,參觀,Được tham dự vào đấy để xem.
thâm-tạ,profonde reconnaissance,深謝,Cảm tạ vô cùng.
thần bí,"mystère, mysticisme, mystique",神秘,"Sự bí-mật thuộc về thần-thánh, về tôn-giáo."
thân-bằng,parents et amis,親朋,Người thân người bạn.
thân-đái,aimer et admirer; avoir en estime,親戴,Thân thiết phục theo.
thắng-đoạt,"vaincre, triompher",勝奪,Đoạt cướp cho được.
thảng-lai,"accident; évènement imprévu, fortuit",倘來,"Sự bất kỳ đến, sự thoảng một lúc."
thanh-danh-văn-vật,"pays. lieu renommé par sa culture, ses moeurs",聲名文物,"Nói về một nước một nơi có danh tiếng, có những người hay thói đẹp."
thành-hiệu,œuvre ayant produit ses résultats; résultats acquis,成效,Việc làm đã nên công hiệu.
thần-học,théologie,神學,"Học về thần, về những nhẽ mầu-nhiệm trong tôn-giáo."
thánh-thượng,l'empereur,聖上,Đức vua thần-thánh.
thành-thuyết,"théorie, opinion toute faite ; lieu commun, idée rebattue",成說,"Nhời bàn đã thành lề, nhời dạy của người trước."
thanh-toàn,source limpide,清泉,Suối nước trong.
thanh-tú,"élégant, distingué (manières)",清秀,Vẻ người thanh nhã xinh đẹp.
thanh-vọng,"renom, réputation",聲望,Danh tiếng người ta trọng vọng.
thần-kinh-bộ,système nerveux,神經部,Bộ gân não trong người ta.
thân-lịch,avoir été mêlé soi-même à un évènement (qu'on raconte),身歷,Tự thân mình đã trải qua.
thần-nhuệ,d'une grande beauté et profondeur (se dit d'une œuvre littéraire),神銳,"Linh thiêng, sắc-sảo."
thần-phẩm,œuvre d'une grande beauté; beauté divine,神品,"Nói về cái gì tuyệt đẹp, tuyệt khéo, đáng là thần-thánh làm, thần-thánh dùng."
thần-phục,se dit d'un pays qui se soumet à un pays plus puissant,臣服,Chịu phục xin làm tôi.
thân-thế,la vie (d'un homme),身世,Thân đời người ta; công việc tình cảnh một đời người.
thân-thiện,sentiments cordiaux,親善,"Thân thiết, ở tử tế với nhau."
thân-thuộc,parenté,親屬,Người bà con họ hàng.
thảo-án,"projet (de loi, etc...)",草案,"Bản thảo một tờ chương-trình, nghị-định, điều ước, v.v., chưa có quan trên duyệt, chưa thi-hành được."
thảo-luận,,討論,Xem tranh-biện.
thao-túng,"employer, diriger à sa guise",操縱,"Khi bắt khi buông, nghĩa là có quyền sai khiến được, buông thả được."
thất-vọng,"désespoir, désespérance",失望,"Mất lòng mong-mỏi, khi buồn bực không biết mong cậy vào đâu."
thế-lộ,le chemin de la vie,世路,"Bước đường ở đời, ý nói ở trong cuộc đời."
thê-lương,froid et triste,淒涼,Lạnh lẽo buồn bã.
thể-trạch,choisir et recueillir,採擇,"Lựa chọn, (có người đọc là thái-trạch)."
thế-tử,héritier présomptif (d'un petit royaume),世子,Con cả vua nước nhỏ.
thiềm-cung,litt. palais du crapaud: la lune,蟾宮,Cung con thiềm-thừ; cung giăng.
thiên-chức,"mission, vocation",天職,"Chức trách chịu được tự giời, chức trách thiên-nhiên."
thiên-diễn,evolution,天演,Phép tiến-hoá tự-nhiên.
thiện-hậu chương-trình,protocole d'amitié,善後章程,Tờ chương-trình mấy nước ký để biểu tình thân-thiện với nhau về sau.
thiên-kiến,opinion partiale; préjugé,偏見,"Ý-kiến không thẳng, thiên về bề nào."
thiển-kiến,"vue, opinion superficielle",淺見,Ý-kiến nông nổi.
thiên-lại,"assistance, don du ciel",天賴,"Cái gì giời cho, sức giời giúp ; cái gì tự-nhiên mà được."
thiên-nhiên,"nature, naturel",天然,Tự-nhiên giời sinh ra vốn như thế.
thiên-sứ,messager céleste; ambassadeur envoyé par un suzerain à la cour d'un prince féudataire,天使,Sứ nhà giời.
thiên-tài,génie,天才,"Tài giỏi riêng của người ta tự giời phú cho, có tài hơn cả mọi người."
thiên-thú,beauté naturelle,天趣,"Thú vị thiên nhiên, tự giời cho sẵn có."
thiên-thượng,dans le ciel,天上,"Phần thuộc về trên giời, trên thượng từng không-khí."
thiệp-liệp,parcourir,涉獵,"Xem qua loa, xem lược cho biết đại khái."
thiết-giáp,cuirasse,鐵甲,"Vỏ sắt dày, bọc ngoài các tầu chiến nhơn."
thiết-hạm,cuirassé,鐵艦,Tầu chiến có vỏ sắt dày gọi là thiết-giáp.
thiết-huyết,fer et sang,鐵血,"Là sắt và máu. Chỉ cái chính-sách quả-quyết, dùng đến sự chém giết cũng không ngại."
thiều-quang,la lumière du printemps. par extension: le printemps,韶光,Bóng sáng mùa xuân.
thiếu-uý,sous-lieutenant,少尉,Chức quan-một.
thi-hào,grand poète,詩豪,"Nhà làm thơ hay, có tiếng."
thị-hiếu,désir et préférence; ce qu'on désire,嗜好,"Lòng ham muốn, bụng thích."
thi-lễ,litt. poésies et rites (noms de deux livres classiques): homme instruit et bien élevé,詩禮,"Kinh Thi kinh Lễ, dùng nói con nhà học hành."
thi-liệu,matière poétique,詩料,Những tài-liệu dùng để làm thơ.
thính-quan,l'ouie,聽官,Trong ngũ-quan phần thuộc về tai nghe.
thịnh-ý,bonne intention,盛意,"Ý tốt, ý hay."
thị-quan,la vue,視官,Trong ngũ-quan phần thuộc về mắt trông.
thị-sảnh,hôtel de ville,市廳,Sở công của thành-phố.
thị-thần,"chambellan, fonctionnaire du service privé du roi",侍臣,Người bầy tôi hầu cạnh vua.
thị-trường,"marché, débouché",市場,Nơi buôn bán.
thị-trưởng,"maire, bourgmestre",市長,"Quan đứng đầu một làng, một tỉnh (tức như chức lý-trưởng, đốc-lý)."
thi-vị,"saveur poétique; poétique (ne pas confondre avec 尸位 qui veut dire une sinécure, une place où l'on n'est que pour la forme)",詩味,"Phong-cảnh sơn thuỷ, cái gì có nhiều vẻ nên thơ, khác với nghĩa thi-vị 尸位 là ngồi làm vì không làm việc xứng với chức vị của mình."
thoái-khước,retraite,退卻,Quân đi trận phải tháo lui về.
thoán-nghịch,usurper le pouvoir impérial; s'insurger contre la dynastie,篡逆,"Tranh cướp ngôi vua, phản nghịch nhà vua."
thổ-công,travaux publics; travaux de construction,土工,"Các công trình thuộc về khai sông đào ngòi, cùng là làm nhà cửa lâu đài v. v."
thời-gian,temps (en philosophie),時間,"Chữ triết-học, chỉ cái quá-khứ, hiện tại, vị-lại lưu-truyền không cùng. Ngày, tháng, năm, là từng phần nhỏ trong thời-gian. Đối với thời-gian là không-gian."
thời-kỳ,période (de temps),時期,Chỉ một cái khoảng trong bao lâu.
thời-nghi,"conforme aux circonstances, aux nécessités du moment",時宜,"Sự vừa hợp với thời thế, lúc ấy nên làm như thế mới được."
thông-kim bác-cổ,"savant, érudit, versé dans les choses du passé et du présent",通今博古,"Học rộng rãi, biết rõ việc ngày nay lại hiểu hết sự đời xưa."
thống-mạ,réprimander avec énergie,痛罵,Mắng nhiếc cho tàn tệ.
thông-tín,correspondant,通信,Người ở nơi khác báo tin về cho biết.
thống-trách,reprocher amèrement,痛責,"Trách móc hết nhời, đau lòng mà trách móc."
thôn-tính,"annexer, annexion",吞併,Xâm lẫn mà gồm lấy cả nước khác. Cũng giống nghĩa như kiêm tính.
thổ-vũ,territoire d'un royaume,土宇,Cõi đất trong nước.
thuần-chất,"pur, sans mélange; sincère",純質,"Chất có một thứ, không lẫn với chất khác; tính thật-thà; cũng như chất-phác."
thuần-lý-học,métaphysique,純理學,"Học thuần về những nhẽ cùng cực, không vụ sự thực. Còn tên nữa gọi là siêu-hình học 超形學 là học những sự vật ở ngoài hình tượng, như linh-hồn, bản-thể, v. v.."
thuần-tuý,pur,純粹,"Tinh-hoa, trong sạch."
thực-dân,coloniser; colonie,殖民,"Nói về dân một nước sang sinh-cơ lập-nghiệp ở một đất khác, thường là đất ít người mà thổ-địa tốt, cách sinh-nhai tiện lợi."
thức-giả-xã-hội,"classe cultivée, intellectuelle",識者社會,Bọn người có học có biết trong xã-hội.
thực-nghiệp-chủ-nghĩa,pragmatisme,實業主義,Chủ-nghĩa của người Mỹ xướng ra trọng sự thực-nghiệp hơn là sự lý-tưởng.
thức-quảng,vastes connaissances; esprit cultivé,識廣,"Biết rộng, người giỏi, người hay chữ."
thực-thụ,titulariser; titulaire d'une fonction,實授,"Bổ làm chức ấy thực không phải quyền-nhiếp,không phải thi sai."
thực-tiễn,pratique,實踐,"Sự thực làm, thực có, thực dùng. Đối với lý-thuyết là sự suy-lý mà nói, chưa đem ra dùng."
thực-vật,les végétaux; le règne végétal,植物,Các loài cây cỏ.
thực-vụ,pratique; utilitaire,實務,Những việc thiết-thực.
thủ-đoạn,manière d'accomplir une chose,手段,Cái phép biện việc xử sự thế nào.
thủ-hiến,premier magistrat d'un pays; chef d'administration,首憲,"Quan đầu tòa, quan đầu một xứ, một tỉnh."
thu-hoạch,"acquérir, acquisition ; résultat obtenu",收獲,"Thu được, lấy được về mình ; sự kết-quả được."
thư-kiếm,litt. le livre et l'épée: carrière d un homme adonnés a la culture des lettres ou a la pratique de l'art militaire,書劍,"Quyển sách thanh gươm, ý nói cái học-nghiệp của người ta trong một đời, sách chỉ nghề học văn, gươm chỉ nghề học võ."
thụ-lập,vivre indépendant; avoir une vie indépendante et honorable,樹立,"Lập được thân, đứng vững với đời, không thua kém ai."
thuộc-quốc,royaume tributaire; colonie,屬國,"Nước phiên thuộc, theo về một nước nhơn."
thương-cảng,port de commerce,商港,Chỗ cửa bể có phố xá buôn bán.
thượng-cổ,haute antiquité,上古,"Đời xưa lắm,về lúc Hồng-hoang."
thưởng-giám,"goûter (une œuvre d'art, etc.)",賞鑑,Xem xét thưởng chơi cho biết giá trị.
thương-giới,monde du commerce,商界,Gồm những nhà buôn bán trong một xứ
thượng-hạng,catégorie supérieure; le rang le plus élevé,上項,Hạng trên hết.
thượng-hiến,,上憲,Quan đầu xứ. — Xem thủ-hiến.
thượng-lưu,"hautes classes sociales, élite",上流,Bọn cao-trọng trong xã-hội.
thượng-nhân,le révérend (terme de respect s'adressant à un religieux bouddhique),尙人,Người tu-hành về đạo Phật.
thượng-thẩm,cour d'appel (4e chambre),上審,"Chỉ Tòa-án cao nhất ở xứ Bắc-kỳ, để xét hạch lại án các tỉnh."
thương-thời,souffrir des malheurs du temps,傷時,Thương tâm về việc đời.
thượng-võ,"esprit militaire, guerrier",尚武,"Thích việc võ, việc quân, việc chiến đấu."
thương-xác,"discuter, négocier avec soin",商確,Bàn định cho kỹ lưỡng.
thủ-phủ,"capitale, chef-lieu",首府,Tỉnh to nhất trong một xứ ; nơi quan sở-tại ở.
thú-sử,"idylle, idyllique",趣史,Cuộc vui sướng êm ái.
thu-thanh,litt. la voix de l'automne: impression de tristesse qui se dégage d'un paysage d'automne,秋聲,"Tiếng mùa thu hiu hắt thường về mùa thu người ta nghe thấy, dùng ý nói cảnh buồn cảnh sầu."
thủ-tướng,"premier ministre, président du conseil des ministres",首相,Ông thượng-thư đứng đầu tòa Nội-các.
thú-y,art vétérinaire,獸醫,Nghề thuốc chữa các giống vật.
thuyền-lâm,pagode solitaire; lieu de prière et de dévotion,禪林,Chốn nhà chùa; nơi tu-hành tĩnh-mịch.
thuyết-lý,"théorie, théorique, théoricien",說理,"Bàn về lý, không về thực sự."
thuyết-minh,"expliquer, explication, démontrer",說明,"Giải rõ, giải nghĩa, bàn cho thấu nghĩa; diễn giảng ra cho rõ-ràng."
thuyết-pháp,"enseigner, prêcher une doctrine (religieuse)",說法,Giảng nói cái phép tắc để dạy người; giảng thuyết về nghĩa tôn-giáo.
Tịch Đàm,(không có),籍談,"Người nước Tấn ở về đời Xuân-thu, khi vào nhà Chu, Chu vương hỏi lịch sử nước Tấn, không đáp lại được, người ta chê là người vong-tổ."
tịch-dương,soleil couchant,夕陽,Mặt giời về chiều.
tịch-một,"saisir, confisquer",籍沒,"Sự thu lấy sản vật của người mắc nợ, của địch-quốc."
tiềm-lực,"force latente, cachée ; virtualité",潛力,"Sức ngầm, không phát rõ ra ngoài."
tiêm-nhiễm,s'imprégner; contracter une bonne ou mauvaise habitude,漸染,"Thấm thía, dầm dìa lấy những thói hay, hoặc là thói dở."
tiềm-tàng,"secret, caché",潛藏,Giấu kín không lộ ra.
tiến-cử,proposer (pour une fonction); promouvoir,薦舉,Tiến lên để quan trên cất đặt.
tiền-đề,données d'un problème; préliminaires d'une question; arguments à développer,前提,"Câu xướng ra trước, phần tiêu-đề lên để giải ra sau."
tiền-đồ,avenir,前途,"Con đường trước mặt, con đường mình sẽ đi đến, tức là sự thuộc về sau."
tiến-hoá,"evolution, evolutionnisme",進化,"Phép vạn-vật giống nọ nhân giống kia mà biến-hoá, càng hoá thì càng tiến."
tiến-thủ,progrès; progresser; amoureux du progrès,進取,"Sự tấn-tới, càng tiến lên càng muốn được thêm."
tiên-tiến,"progrès, progresser; évoluer, évolution",先進,"Tiến lên trước, những bậc người trước mình mà thành đạt."
tiếp-nhưỡng,"contigu, limitrophe",接壤,Chỗ bờ cõi hai nước tiếp giáp nhau.
tiết-độ,"modérer, modération; tempérance",節度,"Chừng mực, dè dặt có chừng có độ."
tiêu-chuẩn,"modèle, norme, étalon",標準,"Cái nêu, cái đích, cái lấy làm mẫu, làm thước để xét cái khác."
tiêu-cực,"pôle négatif, pôle positif",消極,"Tiếng về điện-học chỉ cái đầu điện tiêu đi, đối với tích-cực 積極 là cái đầu điện tích lại. (Hai tiếng này chữ tầu dùng rộng nghĩa mà chỉ phàm cái gì thuộc về có là tích-cực, phàm cái gì thuộc về không là tiêu-cực)."
tiểu-dạng,indisposition; maladie peu grave,小恙,Sự đau yếu thường.
tiêu-diệt,disparition progressive,消滅,Mòn mọi dần đi cho đến hết.
tiêu-sơ,solitude et tristesse,蕭疏,Vắng vẻ xờ xạc.
tiêu-tao,"triste, mélancolique",蕭騷,"Buồn bã, đìu hiu."
tiêu-thụ,se dit d'une chose qui se vend facilement,銷售,Bán chạy.
tiêu-trưởng,en raison directe de...,消長,"Chỉ cái nhẽ gì, một sự, một vật gì tuỳ theo một sự vật khác, mà cùng nhơn lên, cùng bé đi, cùng tăng, cùng giảm."
tiều-tử,le bûcheron,樵子,Người hái củi.
tỉ-hiệu,"comparer, comparaison",比校,"So sánh, ví cái nọ với cái kia."
tỉ-lệ,terme de comparaison,比例,"Lệ để so-sánh, cái gì làm cốt để so-sánh cái khác."
tỉ-lệ,rapport entre deux nombres,比例,Về số-học chỉ hai số so-sánh với nhau thành ra thế nào.
tình-dục,"désir, passion, concupiscence",情慾,Những điều ham-mê theo tình riêng mình.
tình-nghị,sentiments d'amitié,情誼,Tình-nghĩa ở với nhau.
tỉnh-ngộ,se réveiller de son erreur; revenir a la raison,醒悟,Trước mê dại mà sau tỉnh lại biết khôn.
tình-thế đặc-biệt,"situation spéciale, privilégiée",情勢特別,Tình-thế khác hẳn các nước.
tin-ngưỡng,"foi, croyance",信仰,Lòng tin đạo
tị-tổ,"ancêtre, promoteur, premier inventeur",鼻祖,"Ông tổ đầu, người xướng ra đầu, khởi ra chước nhất một sự gì, nghề gì."
Tô Thức,,蘇軾,"Người đất Mi-sơn 眉山, nhà Tống, tự là Tử-chiêm 子瞻. Làm quan đời vua Anh-tôn, sau bị biếm ra Hoàng-châu, làm nhà ở nơi gọi là Đông-ba 東坡, nên còn có tên hiệu nữa là Tô Đông-Ba. Là một bực văn-hào có danh-tiếng nhất ở nước Tầu."
toàn-bích,"ensemble (d'un morceau littéraire d'un livre, etc)",全璧,"Hòn ngọc bích toàn cả hai mặt, nghĩa bóng là bài văn nào hay suốt cả từ đầu tới đuôi. hay là chỉ cả một quyển sách hay nào."
toàn-bộ,"le tout, l'ensemble, toutes les parties réunies; le pays tout entier",全部,"Tất cả bộ phận trong một nước, hay là toàn bộ cơ thể gì."
toàn-thiên,"le morceau, l'article tout entier",全篇,Cả một bài.
toàn-trí toàn-năng,omniscient et omnipotent,全智全能,"Người có trí tuệ thông minh, tài năng trọn vẹn, điều gì cũng biết cũng làm được."
tốc-độ,vitesse,速度,Sức chạy nhanh.
tổ-chức,"organiser, organisation",組織,"Dệt dựng, sếp đặt, dựng đặt."
tổ-chức,tisser (au sens propre); organiser (au sens figuré),組織,"Thêu giệt gây thành nên một tấm hàng tơ. Phàm gây họp nên một hội, hay là mới gây làm nên một sự gì, cũng như là thêu giệt nên vậy."
tộc-trưởng chế-độ,régime patriarcal,族長制度,"Phép cai-trị lấy người trưởng-tộc làm chủ, coi quan lại như bực tôn-trưởng."
tối-hậu-thư,ultimatum,最後書,"Tờ thư đưa sau cùng, đến tờ thư ấy thì việc gì cũng phải quyết định cho xong, không thời tuyệt giao."
tôn-châu,"respecter, servir la dynastie nationale, légitime",尊周,"Ngày xưa khi nhà Châu đã suy rồi thiên hạ không ai biết tôn trọng vua Châu nữa, đức thánh Khổng-tử 孔 子 làm sách Xuân-thu chủ bầy tỏ nghĩa tôn nhà Châu, cho nên dùng điển Tôn-châu để mà nói cái chủ-nghĩa tôn-quân."
tôn-chỉ,"principe, dogme, doctrine",宗旨,"Là cái nghĩa sâu, nghĩa cốt yếu, nghĩa chính-truyền của một môn, một giáo."
tổng-hợp,"synthèse, méthode synthétique",綜合,Phép bắt đầu từ nhỏ mà suy đến nhơn ; họp các nhẽ để xét lấy cái nghĩa nhơn.
tôn-giáo,"religion, doctrine religieuse",宗教,"Đạo thờ một đấng thiêng liêng, đáng kính, đáng trọng. Nhời dạy trong đạo."
tổng-kế,statistique,總計,Phép gồm tính các sự vật theo từng hạng để lấy số trung-bình mà so-sánh hơn kém.
tổng-thống,président de la république,總統,Ông quốc-trưởng gồm giữ các quyền trong nước. Tức ta gọi là ông giám-quốc.
tổng-trùng,cérémonie pour chasser les vers qui dévorent les céréales,送蟲,Lễ cúng tiễn đưa thần Hoàng-trùng 蝗蟲 để cho sâu bọ khỏi cắn lúa.
tổ-quốc,"pays des ancêtres, patrie",祖國,"Nước mình sinh ra ở đấy, nước của ông cha nhà mình."
tô-tạo,"former, acquérir par la formation",塑造,"Gây nặn lên, đặt thành ra."
tổ-thuật,"suivre les traces, l'exemple de... , s'inspirer",祖述,Theo đòi người trước.
tốt-nghiệp,"fin, achèvement des études",卒業,Nói về sự học đến ngày thành công.
trắc-định,conjecturer,測定,Đo lường mà định.
trắc-giáng,monter et descendre; la hausse et la baisse; fluctuations de la fortune,陟降,"Lên xuống, khi lên cao khi xuống thấp."
trác-kiến,"perspicacité, pénétration d'esprit",卓見,Ý-kiến cao sâu.
trắc-lậu,"condition ordinaire, peu élevée; vivre inconnu, effacé",側陋,"Ở chỗ hèn, lúc chưa làm nền, khi chưa hiển-đạt."
trầm-kha,"plaie profonde, maladie douloureuse",沉疴,"Bệnh đau lâu, trầm trệ khó chữa."
trầm-luân,noyé dans l'océan de la souffrance (terme bouddhique),沉淪,Đắm đuối nơi cảnh khổ sở.
trầm-nghị,sérieux et énergique,沉毅,"Người thâm-trầm vững-vàng, làm cái gì bền chí cho đến được mới thôi; không khuếnh-khoáng, không sốc-nổi."
trấn-áp,"contrainte, menace",鎮壓,"Đè ép, làm cho sợ mà phải chịu."
trận-địa,position (entre les deux adversaires),陣地,Phần đất đứng để bầy thế đánh nhau.
trạng-thái,aspects,狀態,Hình trạng phát lộ ra ngoài.
tranh-biện,"discuter, discussion",爭辯,"Bàn bạc, cãi nhau lấy nhẽ phải. (Bàn-bạc ở nơi nghị-viện thì thường dùng chữ thảo-luận 討論)."
tranh-đoạt,se disputer pour s'emparer de...,爭奪,Tranh cướp.
trần-hiêu,"monde vulgaire, lieu où l'on peine et souffre",塵囂,"Chỗ bụi bặm rơ ráy, nơi phiền nhiễu."
tranh-vanh-đầu-giốc,"tête haute, front large (mine imposante, physionomie noble)",崢嶸頭角,"Tướng người cao trán nở đầu, là tướng qui cách."
trần-thiết,exposer avec ordre,陳設,Bầy-đặt tử-tế.
trần-tục,litt. poussières et vulgarités. au figuré: le monde des hommes (par opposition au monde des immortels),塵俗,Cõi đời ta ở (Khi chơi chốn cảnh tiên coi lại thì như mình ở nơi gió bụi tục tằn).
trận-vong,mort sur le champ de batail,陣亡,Chết tại chốn trận trường.
trào-phúng,"moquerie, satire; ironie",嘲諷,"Nói móc, nhạo báng lấy ý-tứ mà chê bai người ta, ngăn gián người ta."
trật-tự,ordre,秩序,Cũng như là thứ-tự.
tri-âm,"ami intime, ami de cœur; celui avec qui on est en parfaite union de cœur et d'esprit",知音,"Biết tiếng đàn. Ngày xưa ông Bá-nha 伯 牙 hay đàn lắm, mà ít người biết nghe, chỉ có ông Chung Tử-Kỳ 鍾 子 期 nghe biết chỗ hay của tiếng đàn ông, nên ông Bá-Nha lấy ông Tử-Kỳ làm tri-âm; dùng nghĩa bóng nói những người cùng một lòng một ý với nhau, người tri-kỷ người biết tâm chí cho mình."
trích-lục,extraire,摘錄,Lựa lấy chỗ cần chỗ hay mà chép.
triền-miên,charme enveloppant,纏綿,"Quấn-quít miên-man. Nói về cái cảm, cái thú gì nó bao-bọc lấy người ta, khó dứt ra được."
chiết-trung-chủ-nghĩa,"eclectisme, doctrine éclectique",折衷主義,"Chủ-nghĩa của những nhà triết-học vụ lấy nhẽ trung bình làm phải, kén chọn trong các môn học người trước, điều gì hay thì theo, điều gì dở thì bỏ, không thiên trọng một môn nào."
triệu-chứng,"présage, augure",兆徵,Điềm chứng hay dở phát-hiện ra trước.
triều-miếu,cour; palais et temples impériaux,朝廟,"Nơi triều-đình, cung điện, nơi vua ở cùng nơi thờ vua."
triều-nghi,protocole de la cour,朝儀,Lễ nghĩa nghi tiết trong chốn Triều-đình.
triều-phục,costume de la cour,朝服,Đồ mặc của các quan khi vào chầu vua.
trì-hoãn,lenteur,遲緩,Chậm chạp.
trì-hồi quan-vọng,"litt. hésiter, espérer encore: agir avec lenteur, avec hésitation, sans décision",遲回觀望,"Dùng dằng trông ngóng, làm việc gì chừng dỗi không làm."
tri-ngộ,avoir l'occasion d'être apprécié par le roi (se dit d'un mandarin),知遇,"Gặp mà biết, người dưới được gặp người trên biết cho."
trình-độ,"etape, niveau, degré",程度,"Độ-đường, bực, độ, như cái đường dài đã đi đến bực nào, độ nào."
trinh-sát-hạm,croiseur de reconnaissance,偵察艦,Tầu chiến đi dò thám ngoài bể.
trí-thức viên-thông,intelligence parfaite; savoir consommé,智識圓通,Tri khôn trọn vẹn thông thạo nhiều việc.
trí-thức-hồn,psychisme intellectuel,智識魂,Phần hồn thuộc về trí biết.
tri-trọng,train des équipages,輜重,"Đội binh coi riêng về việc chở đồ-dùng, lương-thực, đạn-dược cho quân."
truất-bãi,supprimer un emploi public; licencier le titulaire d'un emploi supprimé,黜罷,Truất đi không cho làm chức cũ nữa.
trực-tiếp,"direct, immédiat",直接,"Thẳng tiếp, không có xa cách."
trung-bộ,"le centre, la partie centrale, la moyenne région",中部,"Quãng giữa, phần giữa."
trung-cáo,avertissement loyal,忠告,Lấy nhời thực mà bảo.
trung-cổ,moyen âge,中古,"Trong lịch-sử Âu-châu khoảng từ sau khi La-mã-đế-quốc phân-liệt, đến đời các dân Âu-châu thành quốc. Thường cho là cái thời-đại tư-tưởng hắc-ám."
trung-diệp,"le milieu d'un siècle, d'un règne",中葉,"Về quãng giữa, nghĩa là lúc giữa chừng của một nhà vua nào hay một thời-đại nào."
trưng-điệu,conscription; recrutement (des troupes),徵調,Đòi ra sung binh ; khi trong nước có việc thì đòi cả dân-dinh ra tuyền làm lính.
trung-hạ,"domaine de l'empire (par opposition aux terres étrangères,aux régions sauvages)",中夏,"Đất trong một nước nhơn, đối với những đất rợ-mọi ở ngoài."
trùng-lai,retour,重來,Lại đến một lần nữa.
trung-lưu,"classe moyenne, bourgeoisie",中流,"Bực giữa trong xã-hội, hạng người trung-bình."
trung-quĩ,affaires du ménage,中饋,"Việc thổi nấu cơm nước trong nhà, nói về chức phận người đàn bà."
trung-ương,gouvernement central,中央,"Ở giữa. Trung-ương chính-phủ là chính phủ ở giữa, gồm cả các quyền trong nước."
trước-danh,"renommé, célèbre",著名,Người có danh dự rõ rệt ra ai cũng biết.
trước-minh,"lumineux, éclatant",著明,"Rõ ràng, phân-minh."
trước-tác,"écrire, composer des livres",著作,"Biên chép soạn thành ra bài văn, hay là bộ sách."
trường-qui,règlement d'une école ou un concours,場規,"Phép-luật trong trường thi, hay trường học."
trưởng-thành,arriver a l'âge d'homme; âge mur,長成,Khôn lớn lên.
trường-thiên,"ode, poème (de longueur illimitée)",長篇,"Bài thơ dài, không hạn câu, muốn viết bao nhiêu cũng được."
trừu-tượng,"abstrait, abstraction",抽象,"Tiếng về tâm-lý học, chỉ phàm cái gì thuộc về vô-hình, phải suy-nghĩ trong bụng mà tưởng-tượng ra. Đối với cụ-thể 具體 là cái gì có hình-thể."
truyền-kỳ,"conte merveilleux, récit fabuleux",傳奇,Sách truyền chép những truyện kỳ lạ.
truyện-ký,"biographie, notice biographique",傳記,Truyện kể đời một người.
truyền-tụng,récité de bouche en bouche. (se dit d'un beau morceau littéraire),傳誦,"Hết người nọ đến người kia truyền miệng nhau ngâm đọc (Văn hay, hay là thơ hay)."
tuần-dương-hạm,croiseur,巡洋艦,Tầu chiến đi tuần ngoài bể.
tuần-lương,fonctionnaire vertueux et intègre,循良,"Những ông quan có nết thanh liêm, có chính trị hay cho dân được nhờ."
tư-bản,capital; capitaliste,資本,"Tiền vốn. Người có tiền vốn cho vay, người buôn-bán tiền-bạc."
từ-bi,"compassion, miséricorde",慈悲,"Hiền-từ, thương người, thương muôn vật chúng-sinh."
tự-cao tự-đại,avoir une grande opinion de soi-même,自高自大,Tự đắc rằng mình giỏi hơn người.
tự-châm,"se faire des remontrances, s'éduquer",自箴,Mình tự răn mình.
từ-điện,électro-aimant,磁電,"(Hay là từ-thiết 磁鐵) tức ta gọi là đá nam-trâm, có tính hút các chất sắt."
tự-do-khinh-khi-cầu,dirigeable (ballon),自由輕氣球,Lối «ba-lông» tự khiến được.
tự-động-xa,automobile,自動車,Tức là xe « ô-tô » có máy tự chạy được không cần phải người vận-động.
tuệ-quan,"vue perspicace, pénétrante; esprit d'observation",慧觀,"Trông-tinh, nghĩa là những cái người thường coi không ra mà lấy con mắt thông-minh coi thấy; hoặc người thường coi nhầm ra thế khác, mà mình coi thấy được cái chân-tướng nó."
tư-kỷ,"egoïste, égoïstement, par intérêt personnel",私己,Tư ích riêng cho một mình.
từ-lâm,le monde littéraire,詞林,"Rừng văn, ý nói chỗ văn-chương nhiều. Bọn văn-thơ."
tư-lệnh-bộ,etat-major (d'une armée),司令部,Gồm các tướng-tá giữ mệnh-lệnh trong một quân.
tự-lượng,s'estimer,自量,Mình lượng lấy mình.
tu-mi,"barbe et sourcils. par extension : homme, sexe fort",鬚眉,"Dáng người đàn ông, râu mày đẹp đẽ."
tự-ngôn,"paroles préliminaires, avant-propos (d'un livre)",緒言,Mấy lời kể ở trên đầu quyển sách.
tùng-thư,collection d'ouvrages; encyclopédie,叢書,"Bộ sách chép nhiều thứ, nhiều quyển."
tượng-chứng,preuve tangible,象證,Chứng-cớ phát-hiện ra ngoài.
tương-lai,avenir (futur),將來,"Việc sau mới có, thuộc về sau này."
tưởng-lệ,encourager,獎勵,"Khuyên thưởng cho cố gắng, cho tấn tới lên."
tưởng-tượng,"imaginer, imagination",想像,"Suy nghĩ, đặt để ra hình-tượng."
tương-tường tương-tặc,se nuire et s'entretuer,相戕相賊,Cùng giết nhau cùng hại nhau.
tư-pháp,justice; judiciaire; autorité judiciaire; fonctions,司法,"Quan giữ pháp-luật, tức là các quan án cùng các viên-chức về việc án."
tự-phụ,prétentieux,自負,Cậy mình.
từ-sĩ,littérateur,詞士,"Khách văn-chương, người văn thơ hay."
tự-sự,genre narratif,敍事,"Lối văn bầy tỏ sự thực, giãi bầy đầu đuôi công việc ra."
tu-thư-cục,"association des auteurs et écrivains, maison d'édition",修書局,"Sở làm sách, nhà soạn sách vở."
tự-tín,confiance en soi,自信,Tự tin mình.
tự-tình,genre lyrique,敍情,Lối văn chương bầy tỏ tình ý ra.
tự-tôn,se respecter; avoir souci de sa dignité; avoir une trop haute opinion de soi,自尊,Mình giữ cái phẩm giá mình tôn-trọng.
tư-trào,"courant de pensée, mouvement d'idées",思潮,"Cái sóng tư-tưởng, cái luồng tư-tưởng."
tử-trung,"mourir pour son prince, ou pour son pays",死忠,Chết vì nghĩa với vua hay với nước.
tù-trưởng,chef de tribu,酋長,"Người đầu, người tướng một dợ man-di."
tư-tưởng-giới,monde pensant,思想界,Thế-giới những người tư-tưởng ; gồm các nhà triết-học trong một nước.
tửu-lệnh,sorte de jeu où le perdant doit absorber un certain nombre de tasses d'alcool,酒令,"Cách chơi phong-nhã, hoặc ra một bài thơ ai làm chậm không đúng hạn thì phải uống rượu; hoặc lấy câu chữ mà đố nhau cái gì, hoặc ra thơ mà hẹn phải lấy chữ ở trong sách nào mà làm, làm được thì uống rượu, (sự thưởng phạt cũng bằng rượu)"
tựu-lỵ,prendre possession de ses fonctions,就莅,"Đến chỗ làm quan, nhận chức việc."
tử-văn,langue morte,死文,"«Văn chết», tiếng cổ không nói đến, văn cổ không dùng đến nữa."
tuỵ-đạo,galerie souterraine ; tunnel,隧道,"Đường xuyên sơn, đào ngầm để đi dưới đất, dưới núi."
tuyên-ngôn,déclaration (publique),宣言,Lời tuyên bá.
tuyên-thệ,prêter serment,宣誓,Đọc nhời thề.
tuyệt-đích,absolu,絕的,"Cái cao hơn nhất, đến đấy là cùng, không gì đối đãi được."
tuyệt-tác,chef-d'œuvre,絕作,Công việc làm rất khéo.
tuỳ-nghi-châm-chước,agir selon les circonstances,隨宜斟酌,San sẻ tuỳ nghi cho vừa phải.
ức-lượng,"deviner, conjecturer",臆量,"Ức đạc, liệu lượng phỏng chừng."
ức-thuyết,hypothèse ; procéder par hypothèse,臆說,"Ức-lượng, đoán ước mà nói ra, không phải biết thực."
ứng-dụng,"appliquer, mettre en application (une science, une théorie)",應用,Đem dùng ra thực sự. Nói cái lý-thuyết gì đem ra thực-dụng.
ưu-đãi,"traiter avec égard, avec faveur",優待,"Coi trọng, đãi tử-tế."
ưu-điểm,,優點,Phần-tốt hơn cả. Đối với khuyết-điểm là phần xấu.
ưu-thắng liệt-bại,"la victoire du fort, la défaite du faible",優勝劣敗,"Hơn thì được, kém thì thua."
ưu-thắng-liệt-bại,"triomphe des forts, défaite des faibles",優勝劣敗,"Hơn thì thắng, kém thì bại. Thuộc về cái lý-thuyết sinh-tồn-cạnh-tranh (lutte pour la vie)."
uyên-áo,"pensée, idée profonde",淵奧,"Uyên là cái vực sâu ; áo là cái phần sâu nhất ở trong nhà. Chỉ cái nghĩa-lý, ý-vị thâm-trầm."
uyên-tẩu,"repaire; lieu de rassemblement, refuge",淵藪,"Uyên là vực sâu, tẩu là bụi rậm, giống cá hay lặn xuống vực sâu, giống chim hay ẩn ở bụi rậm. Vi như chốn tụ họp đông người, ở đâu cũng dồ xô về đấy."
uỷ-viên,"représentant, fondé de pouvoirs",委員,"Người được một hội, một công-ti uỷ-quyền cho mà biện việc."
uỷ-viên hội,comité,委員會,Hội được quyền của nhiều người uỷ thác cho để thay vì mà xử trí các việc.
vạn nhất,"par hasard, contre toute probabilité",萬一,"Sự muôn phần mới có một phần sẩy ra; sự hoạ là, chẳng may mà có."
vãn-cứu,secourir; sauver de la ruine ou de la décadence,挽救,"Kéo lại, cứu vớt lại, nghĩa bóng là cái gì đã suy-đồi rồi mà lại làm cho thịnh được."
văn-đàn,"cénacle, cercle littéraire; monde littéraire",文壇,"Một bọn văn sĩ cùng họp nhau ngồi một chỗ làm văn thơ, gọi là văn đàn."
vấn-đáp,dialogue,問答,Kẻ hỏi người đáp.
văn-hào,ecrivain célèbre,文豪,Nhà làm văn có danh tiếng.
văn-học-giới,monde littéraire; les lettres,文學界,Trong bọn văn-học.
vãn-hồi,"ramener, retenir ce qui est a demi-tombé; reconstituer ce qui est en décadence",挽回,"Kéo lại, nghĩa bóng là cái gì đã suy-đồi mà cứu-vớt lại trở lên thịnh được."
vận-hội,circonstances (nées du déroulement des temps). par extension: destinée (d'un pays),運會,"Thời thế xoay vần. Theo sách cổ thì 30 năm là một đời (thế); 12 đời là một vận, 30 vận là một hội, 12 hội là một nguyên."
vận-mệnh,destinée,運命,"Vận-hạn số-mệnh người ta ở đời. Nghĩa bóng là cái việc sẩy tới mà không biết trước được, không thể tránh được."
văn-phái,"ecole littéraire, cénacle",文派,Môn phái về văn-chương.
vạn-quốc-trại-hội,exposition internationale,萬國賽會,Hội đấu xảo chung cả các nước.
văn-sĩ,"homme de lettres, écrivain",文士,Nhà văn chương hay chữ.
văn-tự,"la littérature, les lettres",文字,Văn-chương chữ nghĩa.
văn-uyển,jardin littéraire; littérature,文苑,"Nghĩa đen là cái vườn văn, tức là góp các lối văn lại."
vận-văn,"vers, prose rythmée",韻文,"Văn có vần, như thơ phú (đối với văn xuôi)."
văn-vận toàn-suy,la littérature en pleine décadence,文運全衰,Cái vận mệnh của văn học suy đời hết cả.
vật-chất,matière; matériel,物質,"Phàm cái gì có chiếm địa vị trong không gian, giác quan người ta có thể cảm được thì gọi là vật chất. Vật chất đối với tinh thần, là cái phần vô hình vô ảnh."
vật-dục,"instinct, impulsion instinctive; passion mauvaise",物慾,"Sự ham muốn, xui giục bởi cái phần vật-chất trong người ta."
vật-lý-học,physique,物理學,Học về tính-cách các vật-chất cùng cái nhẽ các vật-chất biến động ra làm sao.
vật-thể,corps; corps matériel,物體,Hình thể của vật ; vật có hình-thể.
vật-thể,un corps (tout ce qui occupe une étendue dans l'espace),物體,Hình-thể loài vật.
viêm-nhiệt,"chaud, chaleur torride",炎熱,Nồng-nực.
viên-mãn,"plein, complet, parfait",圓滿,"Đầy-đủ, hoàn-toàn."
viễn-nhân,"cause lointaine, cause originelle (par opposition à cận-nhân: cause immédiate)",遠因,"Cái nguyên nhân xa của một việc gì, đối với cận nhân 近因 là cái nguyên-nhân gần."
vinh-dự,"gloire, honneur",榮譽,Sự vẻ vang danh giá.
vĩnh-quyết,séparation éternelle; suprême adieu,永訣,Lìa nhau không bao giờ gặp mặt nữa.
vĩ-quan,"beau spectacle, spectacle magnifique; solennité",偉觀,"Cảnh đẹp ; cái gì bầy ra mắt trông to nhơn, đẹp đẽ ; cái tiệc to."
vị-thành-niên,"mineur, minorité",未成年,"Tiếng về pháp-luật, chỉ những người chưa đến tuổi thành-nhân, nghĩa là chưa đến 21 tuổi. Nói bóng thì nghĩa là người chưa có đủ tư-cách làm việc gì."
vị-trí,"place, position, condition sociale",位置,Ngôi thứ trong xã-hội.
vô-cô,innocent,無辜,Người không có tội.
vô-cố,"sans motif, sans raison",無故,Không có cớ gì.
vô-dạng,"sans danger, sans mal; indemne",無恙,"Không hề gì, không nguy-hiểm gì, không đau yếu gì."
vô-hình thi-xã,litt. cénacle invisible (lieu où tous s'intéressent à la poésie sans être des poètes de métier),無形詩社,Một cái làng thơ không có hình. Nghĩa là không lập thành một hội để làm thơ mà trong đám ấy ai cũng hay làm thơ cả.
vô-hồn,inanimé; insensible,無魂,"Vật gì không có cảm giác mà suy biết được sự gì, là không có thần hồn."
vong-bản,"litt. oublier la base. se dit de celui qui renie ses origines, le patrimoine moral de ses ancêtres",忘本,"Quên gốc, ý nói kẻ không giữ cái nền nếp của cha ông, kẻ phụ bạc ơn nghĩa người trước."
vọng-tưởng,pensée mauvaise,妄想,Những điều tư tưởng càn dỡ.
vô-thần-chủ-nghĩa,athéisme,無神主義,"Chủ-nghĩa không tin thần, không theo đạo."
võ-trang,armement,武裝,"Gồm các đồ khí giới của tàu chiến, của quân-đội."
vô-tri-vô-giác,"inconscient, insensible",無知無覺,"Loài không có não cân, không cảm giác mà nhận biết được sự gì."
vô-vị,"insignifiant (qui n'a aucune signification). ne pas confondre avec vô-vị 無味: sans saveur, et vô-vị 無位: sans place, sans fonction publique",無謂,"Không có ý nghĩa chi cả, không còn ra cái gì hết, khác nghĩa vô-vị 無味 là không có mùi gì, không thấy vị gì cả, và vô-vị 無位 là kẻ ở chỗ điền-dã không có tước vị chi."
vũ-bị,préparatifs militaires,武備,Phòng bị về việc quân.
vũ-công,"exploit guerrier, mérite militaire",武功,"Công đánh dẹp, công trạng nhà quân."
vũ-đài,la scène du monde,舞臺,"Một cái đài bầy trò múa hát, thế giới ví như cái sàn múa hát của các dân các nước."
vũ-đoán,agir avec brutalité,武斷,Làm sấn sổ theo cách võ.
vũ-lộ,litt. pluie et rosée: faveurs impériales,雨露,"Mưa móc, nghĩa bóng là ơn trên ban xuống như giời đeo mưa móc cho cây cỏ."
vũ-lực,force militaire,武力,Sức mạnh của quân-gia.
vương-bá,souverain puissant,王霸,Bực vua chúa có quyền thế.
vương-hoá,influence bienfaisante d'un souverain,王化,Giáo hoá nhà vua.
vũ-trụ,univers,宇宙,"Gồm cả các vật hữu-hình, vô-hình trong thế-giới."
xã-hội-chủ-nghĩa,"socialisme, socialiste ; marxisme",社會主義,"Chủ-nghĩa của những người vụ sự hạnh-phúc, sự lợi-lộc chung cho cả xã-hội, muốn cho công-lao tài-sản trong xã-hội phân đều cho mọi người, không để cho một bọn người tư-bản có của được sung sướng, còn bọn lao-động thì phải làm ăn khổ sở."
xà-huỷ,présage de la naissance d'une fille,蛇虺,"Con rắn con rết dùng để nói đẻ con gái, vì xưa có người mộng thấy rắn rết sau đẻ con gái."
xâm-lược,"usurper, usurpation",侵略,Xâm lẫn cướp lấy bờ cõi.
xâm-phạm,"usurper, s'emparer",侵犯,Lấn phạm vào của người khác.
xán-lạn,"brillant, étincelant",燦爛,"Rực-rỡ, vẻ-vang, đẹp-đẽ."
xã-thuyết,"article de fond, éditorial",社說,Bài luận thuyết của nhà báo làm ; bài luận đứng đầu quyền báo.
xã-thuyết,article de fond; éditorial,社說,Bài luận-thuyết của nhà báo thường in trên đầu tờ báo.
xa-tưởng,"ambition trop vaste, démesurée",奢想,Tưởng nghĩ những sự viễn-vông cao xa quá.
xa-vọng,ambition illimitée,奢望,Bụng mong muốn vô cùng.
xiết-trửu,"litt. retenir le bras: empêcher tout mouvement, entraver toute liberté d'action",掣肘,"Chặn lấy cánh tay không cho cử động, nghĩa bóng là đè nén không cho thi-thố gì được cả."
xuân-huyên,"litt. l'arbre xuân, la plante huyên: le père et la mère (allusion chinoise)",椿萱,"Cây Xuân cây Huyên, dùng để nói về cha và mẹ. Nguyên điển xưa ông Đậu Vũ-Quân 竇 禹 鈞 đời Tống 宋 sinh được năm người con thành-đạt cả, người đời làm bài thơ khen có câu rằng: « Linh xuân nhất châu lão, đan quế ngũ chi phương, 靈 椿 一 株 老, 丹 桂 五 枝 芳 », nghĩa là ví ông Đậu Vũ-Quân như một cây xuân lớn, có năm cành tốt; nhân thế người đời muốn được như ông ấy nên gọi cha là Xuân. — Còn chữ Huyên là vì trong kinh Thi 詩 có hai câu thơ rằng: « Yên đắc huyên thảo, ngôn thụ chi bối, 焉 得 萱 草, 言 樹 之 背 ». Bối nghĩa là phía bắc nhà, là chỗ mẹ ngồi (Tục Tàu xưa trong một nhà cha ngồi phía nam, mẹ ngồi phía bắc), nhân thế mà mượn chữ huyên gọi mẹ."
xuất-bản,edition; imprimerie,出版,"Nghề in sách, bán sách."
xúc-cảm,toucher (sens du),觸感,"Chạm vào, tiếp-xúc vào mà cảm. Cảm-giác bằng da, bằng tay."
xúc-mục,ce qui frappe les yeux,觸目,Qua mắt mình trông thấy.
xu-hướng,pencher vers; penchant,趨向,"Chiều theo về bề nào, lòng khuynh-hướng về đâu."
xung-đột,"conflit, antagonisme, lutte, choc",衝突,Hai bên cạnh-tranh nhau.
xử-thế,se conduire dans la vie,處世,Ăn ở giao thiệp với đời.
xử-thế (phép),"conduite, pratique de la vie",處世,Cách cư-xử ở trên đời.
xử-trí,"arranger, régler",處置,"Xếp đặt, khu xử một việc."
ý-chí,"volonté (thường dùng đối với «tri biết», intelligence)",意志,"Chí muốn, chí quyết định làm việc gì."
yểm-tế,couvrir (une armée),掩蔽,"Che đậy, che lấp (Tiếng về binh-học chỉ một quân nọ đứng che cho quân kia khỏi lộ ra)."
yếm-thế-chủ-nghĩa,pessimisme,厭世主義,"Chủ-nghĩa ghét đời, lấy sự đời cái gì cũng đáng chán,"
yêm-trệ,"retenir dans un endroit, empêcher d'avancer",淹滯,"Bỏ trệ một nơi, yêm lưu mãi, không cất nhắc đi nơi khác."
yêu-cầu,"exiger, réclamer",要求,"Xin đòi, sách đòi, cần phải có."
yếu-điểm,le point le plus important,要點,"Một điều cốt tử, cốt yếu hơn cả."
yêu-sách,"exiger, réclamer",要索,"Xin đòi, cầu cho được."
yếu-tắc,"camp fortifié, retranché",要塞,Nơi thành-quách đặt để phòng bị giặc.
yêu-thuật,"magie, charlatanisme, sorcellerie",妖術,Phép kỳ quái để lừa người.
ỷ-lại,"se reposer sur; trouver aide, appui en...",倚賴,Nương tựa để nhờ vào người khác.
